timestamp,frame,track_id,class_id,class_name,distance_m,velocity_m_s,angle_deg
1763166402.4065094,25,1,27,tie,1.4741,,-6.2805
1763166402.5487788,26,1,0,person,0.4688,-7.0659,3.0982
1763166402.6542509,27,1,0,person,0.4438,-0.2373,2.2730
1763166402.7609088,28,1,0,person,0.4438,,2.2730
1763166402.8752701,29,1,0,person,0.5059,0.5431,-2.5310
1763166402.9803612,30,1,0,person,0.4157,-0.8585,0.1034
1763166403.1055384,31,1,0,person,0.4036,-0.0967,0.2067
1763166403.2297168,32,1,0,person,0.4089,0.0426,0.4135
1763166403.3663402,33,1,0,person,0.4042,-0.0340,0.1551
1763166403.4818695,34,1,0,person,0.4102,0.0518,0.6202
1763166403.6168294,35,1,0,person,0.4129,0.0201,1.0336
1763166403.7081783,36,1,0,person,0.4157,0.0301,1.3436
1763166403.8693633,37,1,0,person,0.4271,0.0707,1.3436
1763166404.0374749,38,1,0,person,0.4300,0.0175,1.9633
1763166404.1478312,39,1,0,person,0.4300,,1.9633
1763166404.2767773,40,1,0,person,0.4308,0.0058,2.3246
1763166404.4103646,41,1,0,person,0.4256,-0.0385,2.2730
1763166404.500767,42,1,0,person,0.4256,,2.2730
1763166404.6104665,43,1,0,person,0.4264,0.0066,2.4278
1763166404.7191153,44,1,0,person,0.4308,0.0407,2.2214
1763166404.835098,45,1,0,person,0.4278,-0.0255,1.2920
1763166404.9168499,46,1,0,person,0.4323,0.0544,1.4986
1763166405.0270123,47,1,0,person,0.4199,-0.1123,1.2403
1763166405.1466389,48,1,0,person,0.4438,0.1999,0.3101
1763166405.251463,49,1,15,cat,0.4836,0.3801,0.0517
1763166405.3774714,50,1,15,cat,0.5269,0.3430,0.6202
1763166405.5015495,51,1,0,person,0.4494,-0.6243,0.5685
1763166405.6226087,52,1,0,person,0.4494,,0.5685
1763166405.7509487,53,1,0,person,0.4494,,0.5685
1763166405.8778172,54,1,0,person,0.4593,0.0783,0.7753
1763166405.999687,55,1,0,person,0.4593,,0.7753
1763166406.1088996,56,1,0,person,0.4593,,0.7753
1763166406.249121,57,1,0,person,0.4535,-0.0417,1.0336
1763166406.4038758,58,1,0,person,0.4478,-0.0368,1.1886
1763166406.5125947,59,1,0,person,0.4462,-0.0147,2.7373
1763166406.5990837,60,1,0,person,0.4462,,2.7373
1763166406.7062814,61,1,0,person,0.4414,-0.0442,2.9436
1763166406.8218915,62,1,0,person,0.4315,-0.0859,1.7568
1763166406.9107885,63,1,0,person,0.4242,-0.0826,1.6535
1763166407.0144136,64,1,0,person,0.4264,0.0210,1.4986
1763166407.1253247,65,1,0,person,0.4470,0.1860,0.8269
1763166407.2549152,66,1,0,person,0.7558,2.3831,-8.4156
1763166407.3859143,67,1,0,person,0.7558,,-8.4156
1763166407.5007558,68,1,0,person,0.7558,,-8.4156
1763166407.6069326,69,1,0,person,0.4824,-2.5747,-3.0467
1763166407.6877537,70,1,0,person,0.4502,-0.3987,0.7236
1763166407.7925832,71,1,0,person,0.4383,-0.1132,0.6719
1763166407.880207,72,1,0,person,0.4383,,0.6719
1763166408.0020416,73,1,0,person,0.4383,,0.6719
1763166408.1199,74,1,0,person,0.4383,,0.6719
1763166408.2265232,75,1,0,person,0.4383,,0.6719
1763166408.336916,76,1,0,person,0.5580,1.0837,-9.7762
1763166408.4429836,77,1,0,person,0.3940,-1.5458,-0.0517
1763166408.5371401,78,1,0,person,0.3940,,-0.0517
1763166408.6288555,79,1,0,person,0.3940,,-0.0517
1763166408.737365,80,1,0,person,0.3940,,-0.0517
1763166408.8523648,81,1,0,person,0.3940,,-0.0517
1763166408.9583232,82,1,0,person,0.3940,,-0.0517
1763166409.060357,83,1,0,person,0.3940,,-0.0517
1763166409.1435485,84,1,0,person,0.3940,,-0.0517
1763166409.2403774,85,1,0,person,0.3940,,-0.0517
1763166409.337634,86,1,0,person,0.3940,,-0.0517
1763166409.4318519,87,1,0,person,0.3940,,-0.0517
1763166409.5195296,88,1,0,person,0.3940,,-0.0517
1763166409.6258593,89,1,0,person,0.3940,,-0.0517
1763166409.730318,90,1,0,person,0.3940,,-0.0517
1763166409.8136716,91,1,0,person,0.3940,,-0.0517
1763166409.9079442,92,1,0,person,0.3940,,-0.0517
1763166410.0182714,93,1,0,person,0.3940,,-0.0517
1763166410.1314163,94,1,0,person,0.3940,,-0.0517
1763166410.2383957,95,1,0,person,0.3940,,-0.0517
1763166410.3449244,96,1,15,cat,0.4413,0.4437,0.5169
1763166410.3459532,96,2,0,person,0.4069,,1.2920
1763166410.45515,97,1,15,cat,0.4413,,0.5169
1763166410.4561617,97,2,0,person,0.4069,,1.2920
1763166410.5465808,98,1,15,cat,0.4413,,0.5169
1763166410.5465808,98,2,0,person,0.4069,,1.2920
1763166410.6480825,99,1,15,cat,0.4413,,0.5169
1763166410.6491084,99,2,0,person,0.4220,0.1477,-0.2584
1763166410.7451124,100,1,15,cat,0.8199,3.9021,8.6178
1763166410.7451124,100,2,0,person,0.4010,-0.2191,-0.2067
1763166410.830443,101,1,15,cat,0.4551,-4.2757,-0.2584
1763166410.830443,101,2,0,person,0.4049,0.0458,-0.3101
1763166410.9357247,102,1,15,cat,0.4551,,-0.2584
1763166410.9367387,102,2,0,person,0.4049,,-0.3101
1763166411.0213253,103,1,15,cat,0.6826,2.6580,9.5251
1763166411.0213253,103,2,0,person,0.4029,-0.0232,-0.0517
1763166411.1167376,104,1,15,cat,0.7490,0.6961,12.7091
1763166411.1177397,104,2,0,person,0.4029,,-0.0517
1763166411.2163334,105,1,15,cat,0.7490,,12.7091
1763166411.2163334,105,2,0,person,0.4029,,-0.0517
1763166411.2961187,106,1,15,cat,0.7490,,12.7091
1763166411.2961187,106,2,0,person,0.3940,-0.1117,-0.3618
1763166411.4869194,107,1,15,cat,0.7490,,12.7091
1763166411.4869194,107,2,0,person,0.3940,,-0.3618
1763166411.6436996,108,1,15,cat,0.7490,,12.7091
1763166411.6448004,108,2,0,person,0.3928,-0.0079,-0.2584
1763166411.7649343,109,1,15,cat,0.7490,,12.7091
1763166411.7659478,109,2,0,person,0.3928,,-0.2584
1763166411.8599765,110,1,15,cat,0.7490,,12.7091
1763166411.860975,110,2,0,person,0.3972,0.0461,-0.6202
1763166411.993277,111,1,15,cat,0.7490,,12.7091
1763166411.993277,111,2,0,person,0.4016,0.0338,-0.8786
1763166412.1071093,112,1,15,cat,0.5170,-2.0378,-5.0522
1763166412.1071093,112,2,0,person,0.4029,0.0114,-0.8786
1763166412.1892107,113,1,15,cat,0.5170,,-5.0522
1763166412.1892107,113,2,0,person,0.3984,-0.0549,-0.6202
1763166412.2933767,114,1,15,cat,0.5170,,-5.0522
1763166412.29439,114,2,0,person,0.4157,0.1641,-2.0666
1763166412.381484,115,1,15,cat,0.5170,,-5.0522
1763166412.381484,115,2,0,person,0.3972,-0.2128,-0.5169
1763166412.4885511,116,1,15,cat,0.5738,0.5299,-7.6555
1763166412.4895494,116,2,0,person,0.4527,0.5136,-4.3848
1763166412.6154513,117,1,15,cat,0.5199,-0.4241,-4.7957
1763166412.6154513,117,2,0,person,0.4391,-0.1076,-3.2013
1763166412.7134218,118,1,15,cat,0.5350,0.1537,-6.2805
1763166412.714441,118,2,0,person,0.4391,,-3.2013
1763166412.7934816,119,1,0,person,0.4796,-0.6914,-6.1784
1763166412.7934816,119,2,0,person,0.4391,,-3.2013
1763166412.879446,120,1,15,cat,0.5520,0.8422,-7.0963
1763166412.879446,120,2,0,person,0.5008,0.7180,-7.2998
1763166412.981925,121,1,0,person,0.4998,-0.5095,-6.6378
1763166412.981925,121,2,0,person,0.5008,,-7.2998
1763166413.1029003,122,1,0,person,0.4998,,-6.6378
1763166413.1039135,122,2,0,person,0.5008,,-7.2998
1763166413.1896682,123,1,15,cat,0.8103,3.5783,5.9740
1763166413.1906672,123,2,15,cat,0.4521,-0.5619,-0.7753
1763166413.2774627,124,1,15,cat,0.8103,,5.9740
1763166413.2774627,124,2,15,cat,0.4521,,-0.7753
1763166413.3979993,125,1,15,cat,0.5621,-2.0590,-7.5539
1763166413.3990636,125,2,0,person,0.4075,-0.3663,-1.2403
1763166413.4949355,126,1,15,cat,0.5621,,-7.5539
1763166413.4959426,126,2,0,person,0.4075,,-1.2403
1763166413.6430447,127,1,0,person,0.4697,-0.6240,-4.1792
1763166413.6430447,127,2,0,person,0.4075,,-1.2403
1763166413.7476563,128,1,0,person,0.4697,,-4.1792
1763166413.7486818,128,2,0,person,0.4075,,-1.2403
1763166413.8951476,129,1,0,person,0.4697,,-4.1792
1763166413.8951476,129,2,0,person,0.4075,,-1.2403
1763166414.0090954,130,1,15,cat,0.6860,1.8978,-11.8208
1763166414.0101233,130,2,0,person,0.4075,,-1.2403
1763166414.097575,131,1,15,cat,0.6894,0.0386,-11.8208
1763166414.097575,131,2,0,person,0.4075,,-1.2403
1763166414.1864338,132,1,15,cat,0.6894,,-11.8208
1763166414.1874485,132,2,0,person,0.4075,,-1.2403
1763166414.2825413,133,1,15,cat,0.6894,,-11.8208
1763166414.283562,133,2,0,person,0.4075,,-1.2403
1763166414.3800662,134,1,15,cat,0.6894,,-11.8208
1763166414.3810785,134,2,0,person,0.4075,,-1.2403
1763166414.47253,135,1,15,cat,0.8175,1.3856,-15.0952
1763166414.47253,135,2,0,person,0.4075,,-1.2403
1763166414.5618677,136,1,15,cat,0.8248,0.0817,-15.1434
1763166414.5618677,136,2,0,person,0.4075,,-1.2403
1763166414.6632965,137,1,15,cat,0.7634,-0.6048,-13.7377
1763166414.6632965,137,2,0,person,0.4075,,-1.2403
1763166414.7545629,138,1,0,person,0.6330,-1.4288,-12.4137
1763166414.7545629,138,2,0,person,0.4075,,-1.2403
1763166414.8471158,139,1,0,person,0.6330,,-12.4137
1763166414.8476374,139,2,0,person,0.4075,,-1.2403
1763166414.9358113,140,1,0,person,0.6330,,-12.4137
1763166414.9368234,140,2,0,person,0.4075,,-1.2403
1763166415.0356214,141,1,0,person,0.6330,,-12.4137
1763166415.0356214,141,2,0,person,0.4075,,-1.2403
1763166415.1236787,142,1,0,person,0.6330,,-12.4137
1763166415.1236787,142,2,0,person,0.4075,,-1.2403
1763166415.2209008,143,1,0,person,0.6330,,-12.4137
1763166415.2219136,143,2,0,person,0.4075,,-1.2403
1763166415.3176007,144,1,0,person,0.6330,,-12.4137
1763166415.3187659,144,2,0,person,0.4075,,-1.2403
1763166415.399515,145,1,0,person,0.6330,,-12.4137
1763166415.399515,145,2,0,person,0.4075,,-1.2403
1763166415.5106592,146,1,0,person,0.6330,,-12.4137
1763166415.5106592,146,2,0,person,0.4075,,-1.2403
1763166415.6217303,147,1,0,person,1.5988,8.6952,-23.5871
1763166415.6217303,147,2,0,person,0.4075,,-1.2403
1763166415.7410657,148,1,0,person,1.5988,,-23.5871
1763166415.7410657,148,2,0,person,0.4075,,-1.2403
1763166415.858887,149,1,0,person,1.5988,,-23.5871
1763166415.858887,149,2,0,person,0.4075,,-1.2403
1763166415.962263,150,1,0,person,1.5988,,-23.5871
1763166415.9632561,150,2,0,person,0.4075,,-1.2403
1763166416.0803647,151,1,0,person,1.5988,,-23.5871
1763166416.0803647,151,2,0,person,0.4075,,-1.2403
1763166416.1774516,152,1,0,person,1.5988,,-23.5871
1763166416.1774516,152,2,0,person,0.4075,,-1.2403
1763166416.294529,153,1,0,person,1.5988,,-23.5871
1763166416.2955341,153,2,0,person,0.4075,,-1.2403
1763166416.3933244,154,1,0,person,1.1441,-4.6025,-20.8413
1763166416.394316,154,2,15,cat,1.2483,8.5115,-20.6606
1763166416.4933212,155,1,0,person,1.1441,,-20.8413
1763166416.4933212,155,2,15,cat,1.2483,,-20.6606
1763166416.621584,156,1,0,person,1.1547,0.0826,-20.9316
1763166416.6225832,156,2,15,cat,1.2483,,-20.6606
1763166416.7514486,157,1,0,person,1.1547,,-20.9316
1763166416.7524517,157,2,15,cat,1.2483,,-20.6606
1763166416.8463302,158,1,0,person,1.1547,,-20.9316
1763166416.8463302,158,2,15,cat,1.2483,,-20.6606
1763166416.944789,159,1,0,person,1.1547,,-20.9316
1763166416.9458017,159,2,15,cat,1.2483,,-20.6606
1763166417.063065,160,1,0,person,1.1547,,-20.9316
1763166417.063065,160,2,15,cat,1.2483,,-20.6606
1763166417.0640645,160,3,0,person,1.0987,,0.3618
1763166417.1630237,161,1,0,person,1.1547,,-20.9316
1763166417.1630237,161,2,15,cat,1.2483,,-20.6606
1763166417.16402,161,3,0,person,1.0987,,0.3618
1763166417.271337,162,1,0,person,1.1547,,-20.9316
1763166417.271337,162,2,15,cat,1.2483,,-20.6606
1763166417.2723334,162,3,0,person,0.8370,-2.4169,8.4156
1763166417.3663316,163,1,0,person,1.1547,,-20.9316
1763166417.3673313,163,2,15,cat,1.2483,,-20.6606
1763166417.3673313,163,3,0,person,0.8398,0.0297,8.9712
1763166417.4911256,164,1,0,person,1.1547,,-20.9316
1763166417.4911256,164,2,15,cat,1.2483,,-20.6606
1763166417.4921205,164,3,0,person,0.9037,0.5120,2.2730
1763166417.594708,165,1,0,person,1.1547,,-20.9316
1763166417.5957205,165,2,15,cat,1.2483,,-20.6606
1763166417.5957205,165,3,0,person,0.7293,-1.6833,7.1981
1763166417.6825774,166,1,0,person,1.1547,,-20.9316
1763166417.6835835,166,2,15,cat,1.2483,,-20.6606
1763166417.6835835,166,3,0,person,0.7086,-0.2358,6.7907
1763166417.7920413,167,1,0,person,1.1547,,-20.9316
1763166417.7930427,167,2,59,bed,0.4357,-7.4237,-0.2067
1763166417.7930427,167,3,0,person,0.7086,,6.7907
1763166417.8852973,168,1,0,person,1.1547,,-20.9316
1763166417.8852973,168,2,59,bed,0.4357,,-0.2067
1763166417.8862963,168,3,0,person,0.6025,-1.1379,9.4245
1763166417.9813364,169,1,0,person,1.1547,,-20.9316
1763166417.9813364,169,2,59,bed,0.4357,,-0.2067
1763166417.9823306,169,3,0,person,0.6267,0.2522,9.6256
1763166418.1127958,170,1,0,person,1.1547,,-20.9316
1763166418.1143215,170,2,59,bed,0.4357,,-0.2067
1763166418.1143215,170,3,0,person,0.5924,-0.2594,9.3742
1763166418.202244,171,1,0,person,1.1547,,-20.9316
1763166418.202244,171,2,59,bed,0.4357,,-0.2067
1763166418.202244,171,3,0,person,0.6128,0.2318,9.2735
1763166418.2987168,172,1,0,person,1.1547,,-20.9316
1763166418.2997189,172,2,59,bed,0.4357,,-0.2067
1763166418.2997189,172,3,0,person,0.7046,0.9413,6.6888
1763166418.3879476,173,1,0,person,1.1547,,-20.9316
1763166418.3879476,173,2,59,bed,0.4357,,-0.2067
1763166418.388961,173,3,0,person,0.6346,-0.7835,9.8766
1763166418.489878,174,1,0,person,1.1547,,-20.9316
1763166418.489878,174,2,59,bed,0.4357,,-0.2067
1763166418.490862,174,3,0,person,0.8660,2.2706,4.7443
1763166418.6194782,175,1,0,person,1.1547,,-20.9316
1763166418.6194782,175,2,59,bed,0.4357,,-0.2067
1763166418.6194782,175,3,0,person,0.6174,-1.9334,10.8269
1763166418.7379284,176,1,0,person,1.1547,,-20.9316
1763166418.7379284,176,2,59,bed,0.4357,,-0.2067
1763166418.7389274,176,3,0,person,0.6251,0.0648,11.1756
1763166418.83024,177,1,0,person,1.1547,,-20.9316
1763166418.8307526,177,2,59,bed,0.4357,,-0.2067
1763166418.8307526,177,3,0,person,0.6251,,11.1756
1763166418.9127574,178,1,0,person,1.1547,,-20.9316
1763166418.9127574,178,2,59,bed,0.4357,,-0.2067
1763166418.91376,178,3,0,person,0.6251,,11.1756
1763166419.030042,179,1,0,person,1.1547,,-20.9316
1763166419.031039,179,2,59,bed,0.4357,,-0.2067
1763166419.031552,179,3,0,person,0.8940,2.2825,4.7957
1763166419.1161938,180,1,0,person,1.1547,,-20.9316
1763166419.1161938,180,2,59,bed,0.4357,,-0.2067
1763166419.1172056,180,3,0,person,0.9897,1.1182,5.2573
1763166419.2464283,181,1,0,person,1.1547,,-20.9316
1763166419.2464283,181,2,59,bed,0.4357,,-0.2067
1763166419.2464283,181,3,0,person,0.9897,,5.2573
1763166419.3428142,182,1,0,person,1.1547,,-20.9316
1763166419.3438282,182,2,59,bed,0.4357,,-0.2067
1763166419.3438282,182,3,0,person,0.9897,,5.2573
1763166419.4360392,183,1,0,person,1.1547,,-20.9316
1763166419.4370534,183,2,59,bed,0.4357,,-0.2067
1763166419.4370534,183,3,0,person,0.9897,,5.2573
1763166419.528351,184,1,0,person,1.1547,,-20.9316
1763166419.528351,184,2,59,bed,0.4357,,-0.2067
1763166419.5293467,184,3,0,person,0.9897,,5.2573
1763166419.6206028,185,1,0,person,1.1547,,-20.9316
1763166419.6216166,185,2,59,bed,0.4357,,-0.2067
1763166419.6216166,185,3,0,person,0.9897,,5.2573
1763166419.71962,186,1,0,person,1.1547,,-20.9316
1763166419.721133,186,2,59,bed,0.4357,,-0.2067
1763166419.721133,186,3,0,person,0.9897,,5.2573
1763166419.8066728,187,2,59,bed,0.4357,,-0.2067
1763166419.8066728,187,3,0,person,0.9897,,5.2573
1763166419.9123268,188,2,59,bed,0.4357,,-0.2067
1763166419.9133396,188,3,0,person,0.9897,,5.2573
1763166420.0265546,189,2,59,bed,0.4357,,-0.2067
1763166420.0270603,189,3,0,person,0.9897,,5.2573
1763166420.1181824,190,2,59,bed,0.4357,,-0.2067
1763166420.1191955,190,3,0,person,0.9897,,5.2573
1763166420.2632456,191,2,59,bed,0.4357,,-0.2067
1763166420.2632456,191,3,0,person,0.9897,,5.2573
1763166420.3692849,192,2,59,bed,0.4357,,-0.2067
1763166420.3692849,192,3,0,person,0.9897,,5.2573
1763166420.5090818,193,2,59,bed,0.4357,,-0.2067
1763166420.510079,193,3,0,person,0.9897,,5.2573
1763166420.64621,194,2,59,bed,0.4357,,-0.2067
1763166420.64621,194,3,0,person,0.9897,,5.2573
1763166420.7415519,195,2,59,bed,0.4357,,-0.2067
1763166420.7415519,195,3,0,person,0.9897,,5.2573
1763166420.8605669,196,2,59,bed,0.4357,,-0.2067
1763166420.8605669,196,3,0,person,0.9897,,5.2573
1763166420.9644752,197,2,59,bed,0.4357,,-0.2067
1763166420.9644752,197,3,0,person,2.1137,10.8167,4.2306
1763166421.082708,198,3,0,person,2.2470,1.1274,3.7677
1763166421.1674783,199,3,0,person,1.1991,-12.3613,-0.6202
1763166421.2682164,200,3,0,person,1.1991,,-0.6202
1763166421.3616068,201,3,0,person,1.1991,,-0.6202
1763166421.450593,202,3,0,person,0.7770,-4.7436,3.7677
1763166421.543757,203,3,0,person,0.7770,,3.5618
1763166421.6416173,204,3,0,person,1.0891,3.1898,-0.4652
1763166421.731911,205,3,0,person,0.7918,-3.2932,3.8706
1763166421.840939,206,3,0,person,0.9307,1.2736,1.6535
1763166421.9517114,207,3,0,person,0.9307,,1.6535
1763166422.051922,208,3,0,person,0.9307,,1.6535
1763166422.1630147,209,3,0,person,1.1235,1.7358,-1.4469
1763166422.2723868,210,3,0,person,1.0392,-0.7704,0.7236
1763166422.3771646,211,3,0,person,1.1441,1.0009,-1.0336
1763166422.5007539,212,3,0,person,1.1441,,-1.0336
1763166422.6144137,213,3,0,person,1.1441,,-1.0336
1763166422.7168295,214,3,0,person,1.1441,,-1.0336
1763166422.8396864,215,3,0,person,1.1441,,-1.0336
1763166422.9255803,216,3,0,person,1.2990,1.8038,2.2730
1763166423.0161421,217,3,0,person,1.2725,-0.2927,2.2730
1763166423.1204088,218,3,0,person,1.2725,,2.2730
1763166423.241284,219,3,0,person,1.2725,,2.2730
1763166423.3329206,220,3,0,person,1.2725,,2.2730
1763166423.4224737,221,3,0,person,1.2725,,2.2730
1763166423.5586524,222,3,0,person,1.2856,0.0963,0.6202
1763166423.6590426,223,3,0,person,1.2409,-0.4460,0.3618
1763166423.771876,224,3,0,person,1.2167,-0.2146,0.1551
1763166423.882549,225,3,0,person,1.2347,0.1633,-0.6202
1763166423.9788914,226,3,0,person,1.2347,,-0.6202
1763166424.0840442,227,3,0,person,1.2347,,-0.6202
1763166424.1754093,228,3,0,person,1.0939,-1.5411,-0.4135
1763166424.2599223,229,3,0,person,0.8845,-2.4786,2.1698
1763166424.260935,229,4,59,bed,0.4385,,-0.2067
1763166424.3744557,230,3,0,person,0.8908,0.0552,2.2730
1763166424.3744557,230,4,59,bed,0.4378,-0.0061,-0.1551
1763166424.3754702,230,5,25,umbrella,0.5565,,6.4847
1763166424.468508,231,3,0,person,1.0480,1.6714,-0.3101
1763166424.468508,231,4,59,bed,0.4392,0.0148,-0.3618
1763166424.4695058,231,5,25,umbrella,0.5565,,6.4847
1763166424.579214,232,3,0,person,1.0480,,-0.3101
1763166424.579214,232,4,59,bed,0.4364,-0.0250,-0.2584
1763166424.579214,232,5,25,umbrella,0.5565,,6.4847
1763166424.6867785,233,3,0,person,1.0480,,-0.3101
1763166424.6867785,233,4,59,bed,0.4364,,-0.2584
1763166424.6867785,233,5,25,umbrella,0.5565,,6.4847
1763166424.7841861,234,3,0,person,1.0480,,-0.3101
1763166424.78519,234,4,59,bed,0.4364,,-0.2584
1763166424.78519,234,5,25,umbrella,0.5565,,6.4847
1763166424.8849292,235,3,0,person,1.0436,-0.0435,-2.5310
1763166424.8849292,235,4,59,bed,0.4364,,-0.2584
1763166424.8849292,235,5,25,umbrella,0.5565,,6.4847
1763166424.9923356,236,3,0,person,1.0436,,-2.5310
1763166424.9923356,236,4,59,bed,0.4364,,-0.2584
1763166424.9933472,236,5,25,umbrella,0.5565,,6.4847
1763166425.080443,237,3,0,person,0.7535,-3.2921,1.9117
1763166425.080443,237,4,59,bed,0.4364,,-0.2584
1763166425.0814426,237,5,25,umbrella,0.5565,,6.4847
1763166425.1791275,238,3,0,person,0.7698,0.1650,1.7568
1763166425.180129,238,4,59,bed,0.4364,,-0.2584
1763166425.180129,238,5,25,umbrella,0.5565,,6.4847
1763166425.2634375,239,3,0,person,1.0987,3.9016,-2.5310
1763166425.2634375,239,4,59,bed,0.4364,,-0.2584
1763166425.2634375,239,5,25,umbrella,0.5565,,6.4847
1763166425.3611276,240,3,0,person,1.0987,,-2.6342
1763166425.3621085,240,4,59,bed,0.4364,,-0.2584
1763166425.3621085,240,5,0,person,0.7558,2.0201,1.7568
1763166425.454609,241,3,0,person,1.1389,0.4294,-2.4278
1763166425.454609,241,4,59,bed,0.4364,,-0.2584
1763166425.454609,241,5,0,person,0.7558,,1.7568
1763166425.544897,242,3,0,person,1.1135,-0.2816,-2.8920
1763166425.544897,242,4,59,bed,0.4364,,-0.2584
1763166425.545895,242,5,0,person,0.7558,,1.7568
1763166425.6460729,243,3,0,person,1.1135,,-2.8920
1763166425.6460729,243,4,59,bed,0.4364,,-0.2584
1763166425.6475837,243,5,0,person,0.7558,,1.7568
1763166425.7303562,244,3,0,person,1.1135,,-2.8920
1763166425.7303562,244,4,59,bed,0.4364,,-0.2584
1763166425.7323465,244,5,0,person,0.7558,,1.7568
1763166425.833516,245,3,0,person,1.1135,,-2.8920
1763166425.833516,245,4,59,bed,0.4364,,-0.2584
1763166425.833516,245,5,0,person,0.7558,,1.7568
1763166425.9211948,246,3,0,person,1.1135,,-2.8920
1763166425.9211948,246,4,59,bed,0.4364,,-0.2584
1763166425.9221926,246,5,0,person,0.7558,,1.7568
1763166426.0243046,247,3,0,person,1.1135,,-2.8920
1763166426.0253184,247,4,59,bed,0.4364,,-0.2584
1763166426.0253184,247,5,0,person,0.7558,,1.7568
1763166426.108918,248,3,0,person,1.1135,,-2.8920
1763166426.108918,248,4,59,bed,0.4364,,-0.2584
1763166426.108918,248,5,0,person,0.7558,,1.7568
1763166426.213183,249,3,0,person,1.2347,1.1631,-3.4073
1763166426.2141812,249,4,59,bed,0.4364,,-0.2584
1763166426.2141812,249,5,0,person,0.7558,,1.7568
1763166426.2992175,250,3,0,person,1.1765,-0.6770,-3.5103
1763166426.300231,250,4,59,bed,0.4364,,-0.2584
1763166426.300231,250,5,0,person,0.7558,,1.7568
1763166426.4044032,251,3,0,person,1.1441,-0.3078,-3.9221
1763166426.4044032,251,4,59,bed,0.4364,,-0.2584
1763166426.4054031,251,5,0,person,0.7558,,1.7568
1763166426.541307,252,3,0,person,1.1441,,-3.9221
1763166426.5423143,252,4,59,bed,0.4364,,-0.2584
1763166426.5428317,252,5,0,person,0.7558,,1.7568
1763166426.6245859,253,3,0,person,1.1441,,-3.9221
1763166426.6255808,253,4,59,bed,0.4364,,-0.2584
1763166426.6255808,253,5,0,person,0.8314,0.9134,0.1034
1763166426.7312334,254,3,0,person,1.1441,,-3.9221
1763166426.7312334,254,4,59,bed,0.4364,,-0.2584
1763166426.732214,254,5,0,person,0.8259,-0.0516,0.7236
1763166426.8432467,255,3,0,person,1.1441,,-3.9221
1763166426.8432467,255,4,59,bed,0.4364,,-0.2584
1763166426.8432467,255,5,0,person,0.8259,,0.7236
1763166426.947899,256,3,0,person,1.1441,,-3.9221
1763166426.947899,256,4,59,bed,0.4364,,-0.2584
1763166426.9489298,256,5,0,person,0.8259,,0.7236
1763166427.0350494,257,3,0,person,1.3704,2.5967,-4.5389
1763166427.03605,257,4,59,bed,0.4364,,-0.2584
1763166427.03605,257,5,0,person,0.8259,,0.7236
1763166427.1332657,258,3,0,person,1.3704,,-4.5389
1763166427.1342795,258,4,59,bed,0.4364,,-0.2584
1763166427.1342795,258,5,0,person,0.8259,,0.7236
1763166427.2237325,259,3,0,person,1.3704,,-4.5389
1763166427.2237325,259,4,59,bed,0.4364,,-0.2584
1763166427.224763,259,5,0,person,0.8259,,0.7236
1763166427.3156872,260,3,0,person,1.3704,,-4.5389
1763166427.31669,260,4,0,person,0.5967,1.7241,3.2013
1763166427.31669,260,5,0,person,0.8259,,0.7236
1763166427.426657,261,3,0,person,1.3704,,-4.5389
1763166427.4276724,261,4,0,person,0.6189,0.2001,1.2920
1763166427.4276724,261,5,0,person,0.8259,,0.7236
1763166427.5304503,262,3,0,person,1.3704,,-4.5389
1763166427.5304503,262,4,0,person,0.5580,-0.5927,0.4652
1763166427.5314765,262,5,0,person,0.8259,,0.7236
1763166427.6806302,263,3,0,person,1.3704,,-4.5389
1763166427.6806302,263,4,0,person,0.6616,0.6899,1.2920
1763166427.6816149,263,5,0,person,0.8259,,0.7236
1763166427.8101897,264,3,0,person,1.3704,,-4.5389
1763166427.8112035,264,4,0,person,0.4968,-1.2616,0.8269
1763166427.8112035,264,5,0,person,0.8259,,0.7236
1763166427.8975847,265,3,0,person,1.3704,,-4.5389
1763166427.8981197,265,4,0,person,0.5153,0.2126,2.7889
1763166427.8981197,265,5,0,person,0.8259,,0.7236
1763166428.0113063,266,3,0,person,1.3704,,-4.5389
1763166428.0123026,266,4,0,person,0.6759,1.4065,-1.3953
1763166428.0123026,266,5,0,person,0.8259,,0.7236
1763166428.1205509,267,3,0,person,1.3704,,-4.5389
1763166428.1215494,267,4,0,person,0.6796,0.0337,-1.1886
1763166428.1215494,267,5,0,person,0.8259,,0.7236
1763166428.2077656,268,3,0,person,1.3704,,-4.5389
1763166428.2087598,268,4,0,person,0.7026,0.2634,-1.6019
1763166428.2087598,268,5,0,person,0.8259,,0.7236
1763166428.3155866,269,3,0,person,1.3704,,-4.5389
1763166428.3166068,269,4,0,person,0.6928,-0.0905,-0.1034
1763166428.3166068,269,5,0,person,0.8259,,0.7236
1763166428.4432817,270,3,0,person,1.3704,,-4.5389
1763166428.4442651,270,4,0,person,0.6928,,-0.1034
1763166428.4442651,270,5,0,person,0.8259,,0.7236
1763166428.5513315,271,3,0,person,1.3704,,-4.5389
1763166428.5513315,271,4,0,person,0.6928,,-0.1034
1763166428.5523226,271,5,0,person,0.8259,,0.7236
1763166428.6573176,272,3,0,person,1.3704,,-4.5389
1763166428.658332,272,4,0,person,0.6928,,-0.1034
1763166428.658332,272,5,0,person,0.8259,,0.7236
1763166428.7699213,273,3,0,person,1.3704,,-4.5389
1763166428.7709396,273,4,0,person,0.5760,-1.0373,-10.5774
1763166428.7709396,273,5,0,person,0.8259,,0.7236
1763166428.8823624,274,3,0,person,1.3704,,-4.5389
1763166428.8833694,274,4,0,person,0.6010,0.2222,3.9735
1763166428.8833694,274,5,0,person,0.8259,,0.7236
1763166428.991528,275,3,0,person,1.3704,,-4.5389
1763166428.991528,275,4,0,person,0.4192,-1.6810,-2.0150
1763166428.991528,275,5,0,person,0.8259,,0.7236
1763166429.104684,276,3,0,person,1.3704,,-4.5389
1763166429.105685,276,4,0,person,0.4527,0.2932,-3.8706
1763166429.105685,276,5,0,person,0.8259,,0.7236
1763166429.1942554,277,3,0,person,1.3704,,-4.5389
1763166429.195257,277,4,0,person,0.4345,-0.2025,-2.6858
1763166429.195257,277,5,0,person,0.8259,,0.7236
1763166429.296022,278,3,0,person,1.3704,,-4.5389
1763166429.296022,278,4,0,person,0.4422,0.0765,-3.0982
1763166429.296022,278,5,0,person,0.8259,,0.7236
1763166429.3854198,279,3,0,person,1.3704,,-4.5389
1763166429.3864324,279,4,0,person,0.6379,2.1642,6.6378
1763166429.3864324,279,5,0,person,0.8259,,0.7236
1763166429.483629,280,3,0,person,1.3704,,-4.5389
1763166429.4846492,280,4,0,person,0.4881,-1.5252,-5.6158
1763166429.4846492,280,5,0,person,0.8259,,0.7236
1763166429.5778122,281,3,0,person,1.3704,,-4.5389
1763166429.5778122,281,4,0,person,0.4778,-0.1104,-3.9221
1763166429.5788095,281,5,0,person,0.8259,,0.7236
1763166429.663129,282,3,0,person,1.3704,,-4.5389
1763166429.6641278,282,4,0,person,0.4778,,-3.9221
1763166429.6641278,282,5,0,person,0.8259,,0.7236
1763166429.766164,283,3,0,person,1.3704,,-4.5389
1763166429.7671735,283,4,0,person,0.4890,0.1091,-1.5502
1763166429.7671735,283,5,0,person,0.8259,,0.7236
1763166429.903905,284,3,0,person,1.3704,,-4.5389
1763166429.903905,284,4,0,person,0.6251,0.9950,3.9735
1763166429.903905,284,5,0,person,0.8259,,0.7236
1763166430.023399,285,3,0,person,1.3704,,-4.5389
1763166430.0244977,285,4,0,person,0.5694,-0.4616,4.8470
1763166430.1606054,286,3,0,person,1.3704,,-4.5389
1763166430.1606054,286,4,0,person,0.4760,-0.6866,3.5103
1763166430.2767549,287,3,0,person,1.3704,,-4.5389
1763166430.2777536,287,4,0,person,0.6143,1.1809,-0.3101
1763166430.3827825,288,4,0,person,0.4815,-1.2647,0.9303
1763166430.3837936,288,6,0,person,0.4049,,-1.1370
1763166430.494198,289,4,0,person,0.4815,,0.9303
1763166430.494198,289,6,0,person,0.4049,,-1.1370
1763166430.5963197,290,4,0,person,0.4815,,0.9303
1763166430.5963197,290,6,0,person,1.2108,7.8912,-21.3811
1763166430.6801505,291,4,0,person,0.4815,,0.9303
1763166430.6801505,291,6,0,person,1.2108,,-21.3811
1763166430.7947738,292,4,0,person,0.4815,,0.9303
1763166430.795787,292,6,0,person,1.2108,,-21.3811
1763166430.8946998,293,4,0,person,0.4815,,0.9303
1763166430.8946998,293,6,0,person,1.2108,,-21.3811
1763166430.9730978,294,4,0,person,0.4815,,0.9303
1763166430.9730978,294,6,0,person,1.2108,,-21.3811
1763166431.0891216,295,4,59,bed,0.4371,-0.3826,-0.2067
1763166431.0891216,295,6,0,person,1.2108,,-21.3811
1763166431.1993415,296,4,59,bed,0.4364,-0.0062,-0.2584
1763166431.200356,296,6,0,person,1.2108,,-21.3811
1763166431.2869065,297,4,59,bed,0.4385,0.0237,-0.3101
1763166431.2869065,297,6,0,person,1.2108,,-21.3811
1763166431.4007454,298,4,59,bed,0.4385,,-0.3101
1763166431.4017575,298,6,0,person,1.2108,,-21.3811
1763166431.5014546,299,4,0,person,0.4852,0.4642,4.0250
1763166431.5014546,299,6,0,person,1.2108,,-21.3811
1763166431.585907,300,4,0,person,0.4852,,4.0250
1763166431.58692,300,6,0,person,1.2108,,-21.3811
1763166431.6782813,301,4,0,person,0.4890,0.0412,5.6670
1763166431.6782813,301,6,0,person,1.2108,,-21.3811
1763166431.7924554,302,4,0,person,0.4619,-0.2380,4.4362
1763166431.7924554,302,6,0,person,1.2108,,-21.3811
1763166431.9000385,303,4,0,person,0.4733,0.1059,5.4110
1763166431.9000385,303,6,0,person,1.2108,,-21.3811
1763166431.9911163,304,4,0,person,0.4742,0.0099,5.2573
1763166431.9921205,304,6,0,person,1.2108,,-21.3811
1763166432.0877223,305,4,0,person,0.4742,,5.0522
1763166432.0877223,305,6,0,person,1.2108,,-21.3811
1763166432.088722,305,7,0,person,3.6679,,20.3886
1763166432.1830666,306,4,0,person,0.4760,0.0190,3.9221
1763166432.184066,306,6,0,person,1.2108,,-21.3811
1763166432.184066,306,7,0,person,3.6679,,20.3886
1763166432.2846503,307,4,0,person,0.4760,,4.3334
1763166432.2856636,307,6,0,person,1.2108,,-21.3811
1763166432.2856636,307,7,39,bottle,4.1989,5.2269,19.6585
1763166432.4343014,308,4,0,person,0.4778,0.0122,4.3334
1763166432.4343014,308,6,0,person,1.2108,,-21.3811
1763166432.4343014,308,7,39,bottle,4.2635,0.4346,19.8874
1763166432.555614,309,4,0,person,0.4751,-0.0225,4.3848
1763166432.555614,309,6,0,person,1.2108,,-21.3811
1763166432.555614,309,7,39,bottle,4.3989,1.1157,20.1611
1763166432.6828423,310,4,0,person,0.4760,0.0071,4.3334
1763166432.6838548,310,6,0,person,1.2108,,-21.3811
1763166432.6838548,310,7,39,bottle,4.3989,,20.1611
1763166432.811881,311,4,0,person,0.4843,0.0645,3.5618
1763166432.811881,311,6,0,person,1.2108,,-21.3811
1763166432.8128817,311,7,39,bottle,4.5431,1.1178,20.3431
1763166432.8128817,311,8,56,chair,0.5520,,-0.1034
1763166432.9176636,312,4,0,person,0.5018,0.1658,4.6930
1763166432.9176636,312,6,0,person,1.2108,,-21.3811
1763166432.9176636,312,7,39,bottle,4.5431,,20.3431
1763166432.9176636,312,8,56,chair,0.5520,,-0.1034
1763166433.029128,313,4,0,person,0.4871,-0.1319,5.3598
1763166433.0301092,313,6,0,person,1.2108,,-21.3811
1763166433.0301092,313,7,39,bottle,4.5431,,20.3431
1763166433.0301092,313,8,56,chair,0.5520,,-0.1034
1763166433.1390784,314,4,0,person,0.4852,-0.0172,6.1784
1763166433.1400814,314,6,0,person,1.2108,,-21.3811
1763166433.1400814,314,7,39,bottle,4.5431,,20.3431
1763166433.1400814,314,8,56,chair,0.5520,,-0.1034
1763166433.2312934,315,4,0,person,0.4662,-0.2065,5.3085
1763166433.232297,315,6,0,person,1.2108,,-21.3811
1763166433.232297,315,7,39,bottle,4.5431,,20.3431
1763166433.232297,315,8,56,chair,0.5520,,-0.1034
1763166433.325134,316,4,0,person,0.4662,,5.3085
1763166433.3261318,316,6,0,person,1.2108,,-21.3811
1763166433.3261318,316,7,39,bottle,4.5431,,20.3431
1763166433.3261318,316,8,56,chair,0.5520,,-0.1034
1763166433.3261318,316,9,0,person,1.5492,,10.6773
1763166433.4269707,317,4,0,person,0.4939,0.2720,6.7397
1763166433.4279845,317,6,0,person,1.2108,,-21.3811
1763166433.4279845,317,7,39,bottle,4.5431,,20.3431
1763166433.4279845,317,8,56,chair,0.5520,,-0.1034
1763166433.428984,317,9,0,person,1.5492,,10.6773
1763166433.5152278,318,4,0,person,0.4769,-0.1926,5.8205
1763166433.5162709,318,6,0,person,1.2108,,-21.3811
1763166433.5162709,318,7,39,bottle,4.5431,,20.3431
1763166433.5162709,318,8,56,chair,0.5520,,-0.1034
1763166433.5162709,318,9,0,person,1.5492,,10.6773
1763166433.607128,319,4,0,person,0.4470,-0.3255,4.1278
1763166433.608128,319,6,0,person,1.2108,,-21.3811
1763166433.608128,319,7,39,bottle,4.5431,,20.3431
1763166433.608128,319,8,56,chair,0.5520,,-0.1034
1763166433.6091282,319,9,0,person,1.5492,,10.6773
1763166433.7138205,320,4,0,person,0.4988,0.4860,6.8926
1763166433.7148206,320,6,0,person,1.2108,,-21.3811
1763166433.7148206,320,7,39,bottle,4.5431,,20.3431
1763166433.7148206,320,8,56,chair,0.5520,,-0.1034
1763166433.7148206,320,9,0,person,1.5492,,10.6773
1763166433.8191662,321,4,0,person,0.4890,-0.0928,6.1784
1763166433.8191662,321,6,0,person,1.2108,,-21.3811
1763166433.8191662,321,7,39,bottle,4.5431,,20.3431
1763166433.8201644,321,8,56,chair,0.5520,,-0.1034
1763166433.8201644,321,9,0,person,1.5492,,10.6773
1763166433.940964,322,4,0,person,0.4910,0.0158,6.4847
1763166433.9419775,322,7,39,bottle,4.5431,,20.3431
1763166433.9419775,322,8,56,chair,0.5520,,-0.1034
1763166433.9419775,322,9,0,person,1.5492,,10.6773
1763166434.036799,323,4,0,person,0.4949,0.0407,6.7907
1763166434.0378122,323,7,39,bottle,4.5431,,20.3431
1763166434.0378122,323,8,56,chair,0.5520,,-0.1034
1763166434.0378122,323,9,0,person,1.5492,,10.6773
1763166434.0388124,323,10,0,person,1.0939,,-20.3886
1763166434.143062,324,4,0,person,0.5008,0.0561,7.0963
1763166434.14406,324,7,39,bottle,4.5431,,20.3431
1763166434.14406,324,8,56,chair,0.5520,,-0.1034
1763166434.14406,324,9,0,person,1.5492,,10.6773
1763166434.1450615,324,10,0,person,1.0939,,-20.3886
1763166434.2569304,325,4,0,person,0.5080,0.0627,7.3507
1763166434.2579439,325,7,39,bottle,4.5431,,20.3431
1763166434.2589407,325,8,56,chair,0.5520,,-0.1034
1763166434.2589407,325,9,0,person,1.5492,,10.6773
1763166434.2589407,325,10,0,person,1.0939,,-20.3886
1763166434.3532107,326,4,0,person,0.5049,-0.0320,7.2998
1763166434.3532107,326,7,39,bottle,4.5431,,20.3431
1763166434.3547354,326,8,56,chair,0.5520,,-0.1034
1763166434.3547354,326,9,0,person,1.5492,,10.6773
1763166434.3547354,326,10,0,person,1.0797,-0.1483,-20.2522
1763166434.4566987,327,4,0,person,0.5399,0.3379,7.4015
1763166434.4577017,327,7,39,bottle,4.5431,,20.3431
1763166434.4577017,327,8,56,chair,0.5520,,-0.1034
1763166434.4577017,327,9,0,person,1.5492,,10.6773
1763166434.4586997,327,10,0,person,1.1547,0.7212,-20.9316
1763166434.582966,328,4,0,person,0.5240,-0.1258,7.9092
1763166434.5839655,328,7,39,bottle,4.5431,,20.3431
1763166434.5839655,328,8,56,chair,0.5520,,-0.1034
1763166434.5839655,328,9,0,person,1.5492,,10.6773
1763166434.5839655,328,10,0,person,1.1655,0.0861,-21.0217
1763166434.6964998,329,4,0,person,0.6083,0.7429,5.5646
1763166434.6964998,329,7,39,bottle,4.5431,,20.3431
1763166434.6974974,329,8,56,chair,0.5520,,-0.1034
1763166434.6974974,329,9,0,person,1.5492,,10.6773
1763166434.698009,329,10,0,person,1.0349,-1.1449,-19.7959
1763166434.698009,329,11,39,bottle,4.1989,,27.2940
1763166434.8016267,330,4,0,person,0.6412,0.3124,5.7182
1763166434.80263,330,7,39,bottle,4.5431,,20.3431
1763166434.80263,330,8,0,person,0.4109,-1.3426,-1.6019
1763166434.8036287,330,9,0,person,1.5492,,10.6773
1763166434.8036287,330,10,0,person,0.8098,-2.1315,-16.6730
1763166434.8036287,330,11,39,bottle,4.1989,,27.2940
1763166434.903791,331,4,0,person,0.6158,-0.2479,4.5903
1763166434.9049308,331,7,39,bottle,4.5431,,20.3431
1763166434.9049308,331,8,0,person,0.4109,,-1.6019
1763166434.9049308,331,9,0,person,1.5492,,10.6773
1763166434.9049308,331,10,0,person,0.8072,-0.0259,-16.4355
1763166434.905945,331,11,39,bottle,4.1989,,27.2940
1763166434.9948277,332,4,0,person,0.6651,0.5412,5.5134
1763166434.9948277,332,7,39,bottle,4.5431,,20.3431
1763166434.9958217,332,8,0,person,0.4109,,-1.6019
1763166434.9958217,332,9,0,person,1.5492,,10.6773
1763166434.9958217,332,10,0,person,0.8072,,-16.4355
1763166434.9958217,332,11,39,bottle,4.5431,3.8294,25.7633
1763166435.0892363,333,4,0,person,0.6616,-0.0374,5.2060
1763166435.0892363,333,7,39,bottle,4.5431,,20.3431
1763166435.0892363,333,8,0,person,0.4109,,-1.6019
1763166435.090239,333,9,0,person,1.5492,,10.6773
1763166435.090239,333,10,0,person,0.7918,-0.1628,-16.3404
1763166435.090239,333,11,39,bottle,4.7781,2.4888,25.5533
1763166435.1795304,334,4,0,person,0.6564,-0.0578,4.4362
1763166435.1805315,334,7,39,bottle,4.5431,,20.3431
1763166435.1805315,334,8,0,person,0.4109,,-1.6019
1763166435.1805315,334,9,0,person,1.5492,,10.6773
1763166435.1815307,334,10,0,person,0.7445,-0.5178,-15.3839
1763166435.1815307,334,11,39,bottle,4.7781,,25.2158
1763166435.2779136,335,4,0,person,0.9204,2.6833,10.8768
1763166435.2789085,335,7,39,bottle,4.5431,,20.3431
1763166435.2789085,335,8,0,person,0.4109,,-1.6019
1763166435.2789085,335,9,0,person,1.5492,,10.6773
1763166435.2789085,335,10,0,person,0.7581,0.1394,-15.6718
1763166435.279908,335,11,39,bottle,4.9487,1.7346,24.8764
1763166435.3730574,336,4,0,person,0.9743,0.5668,11.3247
1763166435.3740544,336,7,39,bottle,4.5431,,20.3431
1763166435.3740544,336,8,0,person,0.4383,0.2884,-3.4588
1763166435.3740544,336,9,0,person,1.5492,,10.6773
1763166435.3750548,336,10,0,person,0.7357,-0.2326,-15.1915
1763166435.3750548,336,11,39,bottle,4.8619,-0.9125,24.9189
1763166435.4697945,337,4,0,person,0.6478,-3.3746,5.3085
1763166435.4697945,337,7,39,bottle,4.5431,,20.3431
1763166435.4697945,337,8,0,person,0.4383,,-3.4588
1763166435.4707928,337,9,0,person,1.5492,,10.6773
1763166435.4707928,337,10,0,person,0.7943,0.6119,-16.3880
1763166435.4707928,337,11,39,bottle,4.8619,,25.0039
1763166435.471793,337,12,27,tie,3.5529,,-13.8840
1763166435.6033342,338,4,0,person,0.6445,-0.0251,5.2060
1763166435.6043367,338,7,39,bottle,4.5431,,20.3431
1763166435.6043367,338,8,0,person,0.4383,,-3.4588
1763166435.6043367,338,9,0,person,1.5492,,10.6773
1763166435.6053345,338,10,0,person,0.7994,0.0378,-16.4831
1763166435.6053345,338,11,39,bottle,4.8619,,24.9189
1763166435.6053345,338,12,27,tie,3.5529,,-13.8840
1763166435.7086613,339,4,0,person,0.6143,-0.2864,3.4073
1763166435.7086613,339,7,39,bottle,4.5431,,20.3431
1763166435.7096589,339,8,0,person,0.4383,,-3.4588
1763166435.7096589,339,9,0,person,1.5492,,10.6773
1763166435.7096589,339,10,0,person,0.8286,0.2800,-17.0044
1763166435.7096589,339,11,39,bottle,4.6971,-1.5798,24.1490
1763166435.710656,339,12,27,tie,3.5529,,-13.8840
1763166435.8199067,340,4,0,person,0.6267,0.1110,3.2013
1763166435.8209076,340,7,39,bottle,4.5431,,20.3431
1763166435.8209076,340,8,0,person,0.4383,,-3.4588
1763166435.8209076,340,9,0,person,1.5492,,10.6773
1763166435.8209076,340,10,0,person,0.8601,0.2825,-17.5229
1763166435.8219218,340,11,39,bottle,4.9487,2.2414,23.6739
1763166435.8219218,340,12,27,tie,3.5529,,-13.8840
1763166435.9242613,341,4,0,person,0.6189,-0.0745,2.9436
1763166435.9252613,341,7,39,bottle,4.5431,,20.3431
1763166435.9252613,341,8,0,person,0.4383,,-3.4588
1763166435.9252613,341,9,0,person,1.5492,,10.6773
1763166435.9252613,341,10,0,person,0.8630,0.0285,-17.5699
1763166435.9262614,341,11,39,bottle,4.8619,-0.8321,23.3697
1763166435.9262614,341,12,27,tie,3.5529,,-13.8840
1763166436.041774,342,4,0,person,0.6298,0.0931,2.4794
1763166436.041774,342,8,0,person,0.4383,,-3.4588
1763166436.041774,342,9,0,person,1.5492,,10.6773
1763166436.0427735,342,10,0,person,0.8813,0.1557,-17.8513
1763166436.0427735,342,11,39,bottle,4.4698,-3.3652,22.4488
1763166436.0427735,342,12,27,tie,3.5529,,-13.8840
1763166436.143723,343,4,0,person,0.6330,0.0314,2.3762
1763166436.143723,343,8,0,person,0.4383,,-3.4588
1763166436.1447163,343,9,0,person,1.5492,,10.6773
1763166436.1447163,343,10,0,person,0.8908,0.0926,-17.9917
1763166436.1447163,343,11,39,bottle,4.2635,-2.0237,22.1390
1763166436.1447163,343,12,27,tie,3.5529,,-13.8840
1763166436.2264736,344,4,0,person,0.6445,0.1384,2.2214
1763166436.2264736,344,8,0,person,0.4383,,-3.4588
1763166436.2264736,344,9,0,person,1.5492,,10.6773
1763166436.2274818,344,10,0,person,0.9136,0.2760,-18.3184
1763166436.2274818,344,11,39,bottle,4.9487,8.2789,21.2914
1763166436.2274818,344,12,27,tie,3.5529,,-13.8840
1763166436.3446674,345,4,0,person,0.6705,0.2199,2.0666
1763166436.3446674,345,8,0,person,0.4383,,-3.4588
1763166436.3446674,345,9,0,person,1.5492,,10.6773
1763166436.345668,345,10,0,person,0.9272,0.1149,-18.5045
1763166436.345668,345,11,39,bottle,4.8619,-0.7346,20.5247
1763166436.345668,345,12,27,tie,3.5529,,-13.8840
1763166436.4308465,346,4,0,person,0.6723,0.0210,1.8084
1763166436.4318454,346,8,0,person,0.4383,,-3.4588
1763166436.4318454,346,9,0,person,1.5492,,10.6773
1763166436.4318454,346,10,0,person,0.9204,-0.0794,-18.4115
1763166436.4318454,346,11,39,bottle,4.6188,-2.8209,20.3886
1763166436.432843,346,12,27,tie,3.5529,,-13.8840
1763166436.5433035,347,4,0,person,0.6890,0.1486,1.8601
1763166436.5433035,347,8,0,person,0.4383,,-3.4588
1763166436.544304,347,10,0,person,0.9070,-0.1190,-18.2252
1763166436.544304,347,11,39,bottle,4.8619,2.1616,20.5247
1763166436.544304,347,12,27,tie,3.5529,,-13.8840
1763166436.5453029,347,13,65,remote,4.3989,,-4.1792
1763166436.6451159,348,4,0,person,0.6815,-0.0740,2.1698
1763166436.6451159,348,8,0,person,0.4383,,-3.4588
1763166436.6461134,348,10,0,person,0.8940,-0.1277,-18.0384
1763166436.6461134,348,11,39,bottle,4.9487,0.8528,20.9316
1763166436.6461134,348,12,27,tie,3.5529,,-13.8840
1763166436.6461134,348,13,65,remote,4.3989,,-4.1792
1763166436.7671962,349,4,0,person,0.6741,-0.0603,1.8601
1763166436.7671962,349,8,0,person,0.4383,,-3.4588
1763166436.7682197,349,10,0,person,0.8845,-0.0779,-17.8981
1763166436.7682197,349,11,39,bottle,4.6971,-2.0607,20.8865
1763166436.7682197,349,12,27,tie,3.5529,,-13.8840
1763166436.7682197,349,13,65,remote,4.3989,,-4.1792
1763166436.8516762,350,4,0,person,0.6928,0.2216,2.5826
1763166436.8516762,350,8,0,person,0.4383,,-3.4588
1763166436.852675,350,10,0,person,0.8601,-0.2889,-17.5229
1763166436.852675,350,11,39,bottle,4.9487,2.9794,21.5602
1763166436.852675,350,12,27,tie,3.5529,,-13.8840
1763166436.852675,350,13,65,remote,4.3989,,-4.1792
1763166436.954325,351,4,0,person,0.6705,-0.2177,2.2730
1763166436.954325,351,8,0,person,0.4383,,-3.4588
1763166436.9553204,351,10,0,person,0.8571,-0.0288,-17.4759
1763166436.9553204,351,11,39,bottle,4.9487,,21.6495
1763166436.9553204,351,12,27,tie,3.5529,,-13.8840
1763166436.9553204,351,13,65,remote,4.3989,,-4.1792
1763166437.0401688,352,4,0,person,0.6815,0.1280,1.7568
1763166437.0401688,352,8,0,person,0.4383,,-3.4588
1763166437.0411687,352,10,0,person,0.8512,-0.0681,-17.3818
1763166437.0411687,352,11,39,bottle,5.1320,2.1350,21.7388
1763166437.0411687,352,12,27,tie,3.5529,,-13.8840
1763166437.0411687,352,13,65,remote,4.3989,,-4.1792
1763166437.139187,353,4,0,person,0.6815,,1.7568
1763166437.139187,353,8,0,person,0.4383,,-3.4588
1763166437.140185,353,10,0,person,0.8512,,-17.3818
1763166437.1411867,353,11,39,bottle,5.0387,-0.9329,21.6942
1763166437.142186,353,12,27,tie,3.5529,,-13.8840
1763166437.142186,353,13,65,remote,4.3989,,-4.1792
1763166437.2239075,354,4,0,person,0.6871,0.0665,2.0150
1763166437.2239075,354,8,0,person,0.4383,,-3.4588
1763166437.2249045,354,10,0,person,0.8455,-0.0681,-17.2876
1763166437.2249045,354,11,39,bottle,5.1320,1.1146,21.9169
1763166437.2249045,354,12,27,tie,3.5529,,-13.8840
1763166437.2249045,354,13,65,remote,4.3989,,-4.1792
1763166437.3218145,355,4,0,person,0.6986,0.1179,1.8084
1763166437.322814,355,8,0,person,0.4383,,-3.4588
1763166437.322814,355,10,0,person,0.8426,-0.0292,-17.2405
1763166437.322814,355,11,39,bottle,5.1320,,22.0059
1763166437.322814,355,12,27,tie,3.5529,,-13.8840
1763166437.3238127,355,13,65,remote,4.3989,,-4.1792
1763166437.4216733,356,4,0,person,0.6967,-0.0195,1.8601
1763166437.4216733,356,8,0,person,0.4383,,-3.4588
1763166437.4226701,356,10,0,person,0.8398,-0.0284,-17.1933
1763166437.4226701,356,11,39,bottle,5.0387,-0.9344,22.0503
1763166437.4226701,356,12,27,tie,3.5529,,-13.8840
1763166437.4226701,356,13,65,remote,4.3989,,-4.1792
1763166437.5065608,357,4,0,person,0.6723,-0.2876,2.3246
1763166437.5075607,357,8,0,person,0.4383,,-3.4588
1763166437.5075607,357,10,0,person,0.8314,-0.0989,-17.0517
1763166437.5075607,357,11,39,bottle,5.1320,1.0992,22.1834
1763166437.5075607,357,12,27,tie,3.5529,,-13.8840
1763166437.5085607,357,13,65,remote,4.3989,,-4.1792
1763166437.5988586,358,4,0,person,0.6815,0.0995,2.2730
1763166437.5988586,358,8,0,person,0.4383,,-3.4588
1763166437.5998702,358,10,0,person,0.8151,-0.1766,-16.7678
1763166437.5998702,358,11,39,bottle,5.0387,-1.0108,22.2277
1763166437.5998702,358,12,27,tie,3.5529,,-13.8840
1763166437.600868,358,13,65,remote,4.3989,,-4.1792
1763166437.7064822,359,4,0,person,0.6796,-0.0173,2.5310
1763166437.7064822,359,8,0,person,0.4383,,-3.4588
1763166437.7074804,359,10,0,person,0.8286,0.1258,-17.0044
1763166437.7074804,359,11,39,bottle,5.1320,0.8671,22.3604
1763166437.7074804,359,12,27,tie,3.5529,,-13.8840
1763166437.7074804,359,13,65,remote,4.3989,,-4.1792
1763166437.8187869,360,4,0,person,0.6687,-0.0973,2.2214
1763166437.8187869,360,8,0,person,0.4383,,-3.4588
1763166437.819786,360,10,0,person,0.8178,-0.0968,-16.8152
1763166437.819786,360,11,39,bottle,5.0387,-0.8308,22.4929
1763166437.819786,360,12,27,tie,3.5529,,-13.8840
1763166437.819786,360,13,65,remote,4.3989,,-4.1792
1763166437.9168115,361,4,0,person,0.6687,,2.3246
1763166437.9178119,361,8,0,person,0.4383,,-3.4588
1763166437.9178119,361,10,0,person,0.8098,-0.0813,-16.6730
1763166437.9178119,361,11,39,bottle,5.1320,0.9519,22.5370
1763166437.9178119,361,12,27,tie,3.5529,,-13.8840
1763166437.9188106,361,13,65,remote,4.3989,,-4.1792
1763166438.0161247,362,4,0,person,0.6759,0.0730,2.4278
1763166438.017123,362,8,0,person,0.4383,,-3.4588
1763166438.017123,362,10,0,person,0.8204,0.1073,-16.8625
1763166438.017123,362,11,39,bottle,5.1320,,22.5370
1763166438.018108,362,12,27,tie,3.5529,,-13.8840
1763166438.018108,362,13,65,remote,4.3989,,-4.1792
1763166438.1358764,363,4,0,person,0.6633,-0.1051,2.2730
1763166438.1358764,363,8,0,person,0.4383,,-3.4588
1763166438.1368768,363,10,0,person,0.8020,-0.1542,-16.5306
1763166438.1368768,363,11,39,bottle,5.0387,-0.7792,22.5811
1763166438.1368768,363,12,27,tie,3.5529,,-13.8840
1763166438.1378846,363,13,65,remote,4.3989,,-4.1792
1763166438.2220364,364,4,0,person,0.6687,0.0619,2.2214
1763166438.2220364,364,8,0,person,0.4383,,-3.4588
1763166438.2220364,364,10,0,person,0.8484,0.5445,-17.3347
1763166438.2230563,364,11,39,bottle,5.0387,,22.5811
1763166438.2230563,364,12,27,tie,3.5529,,-13.8840
1763166438.2230563,364,13,65,remote,4.3989,,-4.1792
1763166438.3250818,365,4,0,person,0.6687,,2.1182
1763166438.3250818,365,8,0,person,0.4383,,-3.4588
1763166438.3250818,365,10,0,person,0.8751,0.2600,-17.7576
1763166438.3260806,365,11,39,bottle,5.1320,0.9057,22.5370
1763166438.3260806,365,12,27,tie,3.5529,,-13.8840
1763166438.3260806,365,13,65,remote,4.3989,,-4.1792
1763166438.4159548,366,4,0,person,0.6616,-0.0781,2.1182
1763166438.4169557,366,8,0,person,0.4383,,-3.4588
1763166438.4169557,366,10,0,person,0.8972,0.2398,-18.0852
1763166438.4179566,366,11,39,bottle,5.2288,1.0539,22.4929
1763166438.4179566,366,12,27,tie,3.5529,,-13.8840
1763166438.4179566,366,13,65,remote,4.3989,,-4.1792
1763166438.5061567,367,4,0,person,0.6581,-0.0387,2.1182
1763166438.5071523,367,10,0,person,0.8972,,-18.0852
1763166438.5071523,367,11,39,bottle,5.2288,,22.4929
1763166438.5081518,367,12,27,tie,3.5529,,-13.8840
1763166438.5081518,367,13,56,chair,3.8490,-6.0963,-2.6858
1763166438.6015785,368,4,0,person,0.6598,0.0182,2.1698
1763166438.6015785,368,10,0,person,0.8876,-0.1014,-17.9449
1763166438.6015785,368,11,39,bottle,5.1320,-1.0255,22.4488
1763166438.6025746,368,13,56,chair,3.8490,,-2.6858
1763166438.6942344,369,4,0,person,0.6616,0.0189,2.2214
1763166438.6952415,369,10,0,person,0.8782,-0.1001,-17.8045
1763166438.6952415,369,11,39,bottle,5.2288,1.0338,22.4929
1763166438.696232,369,13,56,chair,3.8490,,-2.6858
1763166438.7948384,370,4,0,person,0.6651,0.0351,2.3246
1763166438.7948384,370,10,0,person,0.8782,,-17.8045
1763166438.7958376,370,11,39,bottle,5.1320,-0.9626,22.4488
1763166438.7958376,370,13,56,chair,3.8490,,-2.6858
1763166438.9175062,371,4,0,person,0.6669,0.0145,2.1698
1763166438.9180152,371,10,0,person,0.8690,-0.0745,-17.6638
1763166438.9180152,371,11,39,bottle,5.0387,-0.7637,22.4929
1763166438.9180152,371,13,56,chair,3.8490,,-2.6858
1763166439.0056217,372,4,0,person,0.6512,-0.1778,2.1182
1763166439.0056217,372,10,0,person,0.8286,-0.4614,-17.0044
1763166439.0056217,372,11,39,bottle,5.2288,2.1704,22.5811
1763166439.0066168,372,13,56,chair,3.8490,,-2.6858
1763166439.0982234,373,4,0,person,0.6633,0.1309,2.1698
1763166439.0982234,373,10,0,person,0.8286,,-17.0044
1763166439.0992458,373,11,39,bottle,5.1320,-1.0342,22.6251
1763166439.0992458,373,13,56,chair,3.8490,,-2.6858
1763166439.1888902,374,4,0,person,0.6546,-0.0960,2.1182
1763166439.189883,374,10,0,person,0.8286,,-17.0044
1763166439.189883,374,11,39,bottle,5.0387,-1.0295,22.6692
1763166439.189883,374,13,56,chair,3.8490,,-2.6858
1763166439.3013058,375,4,0,person,0.6564,0.0153,1.9633
1763166439.3023248,375,10,0,person,0.8455,0.1499,-17.2876
1763166439.3023248,375,11,39,bottle,5.0387,,22.6692
1763166439.3023248,375,13,56,chair,3.8490,,-2.6858
1763166439.4128797,376,4,0,person,0.6546,-0.0154,2.2214
1763166439.4128797,376,10,0,person,0.8124,-0.2989,-16.7204
1763166439.4138777,376,11,39,bottle,5.1320,0.8365,22.6251
1763166439.4138777,376,13,56,chair,3.8490,,-2.6858
1763166439.5096796,377,4,0,person,0.6495,-0.0528,1.9633
1763166439.5096796,377,10,0,person,0.8398,0.2826,-17.1933
1763166439.5096796,377,11,39,bottle,5.0387,-0.9740,22.5811
1763166439.5112085,377,13,56,chair,3.8490,,-2.6858
1763166439.5929449,378,4,0,person,0.6529,0.0408,2.2730
1763166439.5939465,378,10,0,person,0.8601,0.2406,-17.5229
1763166439.5939465,378,11,39,bottle,5.1320,1.1073,22.6251
1763166439.5949428,378,13,56,chair,3.8490,,-2.6858
1763166439.704169,379,4,0,person,0.6546,0.0154,2.2214
1763166439.704169,379,10,0,person,0.8630,0.0270,-17.5699
1763166439.704169,379,11,39,bottle,5.0387,-0.8466,22.6692
1763166439.705155,379,13,56,chair,3.8490,,-2.6858
1763166439.822758,380,4,0,person,0.6495,-0.0431,2.1698
1763166439.822758,380,10,0,person,0.8782,0.1281,-17.8045
1763166439.8237545,380,11,39,bottle,5.2288,1.5900,22.7571
1763166439.8237545,380,13,56,chair,3.7963,-0.4446,-2.4278
1763166439.912274,381,4,0,person,0.6581,0.0957,2.3246
1763166439.9132884,381,10,0,person,0.8908,0.1386,-17.9917
1763166439.9132884,381,11,39,bottle,5.2288,,22.7571
1763166439.9137976,381,13,56,chair,3.7963,,-2.4278
1763166440.0165741,382,4,0,person,0.6598,0.0167,2.3762
1763166440.0165741,382,10,0,person,0.8908,,-17.9917
1763166440.0175653,382,11,39,bottle,5.1320,-0.9286,22.8011
1763166440.0175653,382,13,56,chair,3.7963,,-2.4278
1763166440.1296146,383,4,0,person,0.6669,0.0624,2.1698
1763166440.130657,383,10,0,person,0.8972,0.0562,-17.9917
1763166440.130657,383,11,39,bottle,5.1320,,22.8011
1763166440.131637,383,13,56,chair,3.7963,,-2.4278
1763166440.2408488,384,4,0,person,0.6687,0.0161,2.4278
1763166440.2418385,384,10,0,person,0.9037,0.0585,-18.1785
1763166440.2418385,384,11,39,bottle,5.1320,,22.8011
1763166440.242841,384,13,56,chair,3.7963,,-2.4278
1763166440.3418076,385,4,0,person,0.6633,-0.0528,2.2730
1763166440.342823,385,10,0,person,0.9037,,-18.1785
1763166440.342823,385,11,39,bottle,5.2288,0.9589,22.7571
1763166440.3438213,385,13,56,chair,3.7963,,-2.4278
1763166440.4282799,386,4,0,person,0.6564,-0.0807,2.0666
1763166440.4292731,386,10,0,person,0.9004,-0.0377,-18.1319
1763166440.4292731,386,11,39,bottle,5.1320,-1.1201,22.8011
1763166440.4292731,386,13,56,chair,3.7963,,-2.4278
1763166440.5302348,387,4,0,person,0.6723,0.1562,2.5310
1763166440.5302348,387,10,0,person,0.8845,-0.1581,-17.8981
1763166440.5302348,387,11,39,bottle,5.0387,-0.9242,22.7571
1763166440.5312357,387,13,56,chair,3.7963,,-2.4278
1763166440.6199923,388,4,0,person,0.6871,0.1651,2.9436
1763166440.6210022,388,10,0,person,0.8721,-0.1363,-17.7107
1763166440.6210022,388,11,39,bottle,5.1320,1.0280,22.8889
1763166440.6210022,388,13,56,chair,3.7963,,-2.4278
1763166440.7063265,389,4,0,person,0.6948,0.0887,3.3558
1763166440.7063265,389,10,0,person,0.8813,0.1083,-17.8513
1763166440.7073195,389,11,39,bottle,5.1320,,22.9765
1763166440.7073195,389,13,56,chair,3.7963,,-2.4278
1763166440.812361,390,4,0,person,0.7106,0.1493,3.2528
1763166440.812361,390,10,0,person,1.0180,1.2892,-19.6127
1763166440.812361,390,11,39,bottle,5.1320,,23.1516
1763166440.8133574,390,13,56,chair,3.7963,,-2.4278
1763166440.9209495,391,4,0,person,0.6986,-0.1100,3.1497
1763166440.9209495,391,10,0,person,1.0180,,-19.6127
1763166440.9219494,391,11,39,bottle,5.1320,,23.1516
1763166440.9219494,391,13,56,chair,3.7963,,-2.4278
1763166441.0439365,392,4,0,person,0.6909,-0.0629,2.8405
1763166441.0449338,392,10,0,person,1.2471,1.8475,-21.6495
1763166441.0449338,392,11,39,bottle,5.0387,-0.7587,23.1952
1763166441.0449338,392,13,56,chair,3.7963,,-2.4278
1763166441.1357129,393,4,0,person,0.6669,-0.2617,1.8601
1763166441.1367118,393,10,0,person,1.2471,,-21.6495
1763166441.1367118,393,11,39,bottle,5.0387,,23.1078
1763166441.1367118,393,13,56,chair,3.7963,,-2.4278
1763166441.2250593,394,4,0,person,0.6741,0.0807,1.8601
1763166441.2250593,394,10,0,person,1.2471,,-21.6495
1763166441.226059,394,11,39,bottle,5.0387,,23.1078
1763166441.226059,394,13,56,chair,3.7963,,-2.4278
1763166441.3130317,395,4,0,person,0.6796,0.0626,1.6019
1763166441.3140109,395,10,0,person,1.2471,,-21.6495
1763166441.3140109,395,11,39,bottle,5.1320,1.0609,23.1516
1763166441.3150063,395,13,56,chair,3.7963,,-2.4278
1763166441.4090185,396,4,0,person,0.6598,-0.2060,0.8269
1763166441.4090185,396,10,0,person,1.2471,,-21.6495
1763166441.4100103,396,11,39,bottle,5.1320,,23.1516
1763166441.4100103,396,13,56,chair,3.7963,,-2.4278
1763166441.5186517,397,4,0,person,0.6581,-0.0159,0.8786
1763166441.5196433,397,10,0,person,1.2471,,-21.6495
1763166441.5196433,397,11,39,bottle,5.1320,,23.1516
1763166441.5196433,397,13,56,chair,3.7963,,-2.4278
1763166441.6404054,398,4,0,person,0.6363,-0.1792,-0.1034
1763166441.641418,398,10,0,person,1.2471,,-21.6495
1763166441.641418,398,11,39,bottle,5.5426,3.3715,23.3261
1763166441.6424186,398,13,56,chair,3.7963,,-2.4278
1763166441.7691245,399,4,0,person,0.7423,0.8238,2.6858
1763166441.7691245,399,10,0,person,1.2471,,-21.6495
1763166441.7691245,399,11,39,bottle,5.3294,-1.6693,23.1516
1763166441.7701545,399,13,56,chair,3.7963,,-2.4278
1763166441.9061394,400,4,0,person,0.6598,-0.6020,0.1034
1763166441.907153,400,10,0,person,1.2471,,-21.6495
1763166441.907153,400,11,39,bottle,5.1320,-1.4300,23.1516
1763166441.9081595,400,13,56,chair,3.7963,,-2.4278
1763166442.0301542,401,4,0,person,0.6314,-0.2290,-0.0517
1763166442.0301542,401,10,0,person,1.2471,,-21.6495
1763166442.0311546,401,11,39,bottle,5.1320,,23.1516
1763166442.0311546,401,13,56,chair,3.7963,,-2.4278
1763166442.175221,402,4,0,person,0.6581,0.1838,0.5685
1763166442.1762202,402,10,0,person,1.2471,,-21.6495
1763166442.1762202,402,11,39,bottle,5.1320,,23.1516
1763166442.1772194,402,13,56,chair,3.7963,,-2.4278
1763166442.3077176,403,4,0,person,0.6598,0.0131,0.6202
1763166442.3077176,403,10,0,person,1.2471,,-21.6495
1763166442.3092427,403,11,39,bottle,5.0387,-0.7015,23.0203
1763166442.3092427,403,13,56,chair,3.7963,,-2.4278
1763166442.4192677,404,4,0,person,0.6598,,0.6202
1763166442.4202676,404,10,0,person,1.2471,,-21.6495
1763166442.4202676,404,11,39,bottle,5.0387,,23.1952
1763166442.4202676,404,13,56,chair,3.7963,,-2.4278
1763166442.5499163,405,4,0,person,0.5605,-0.7604,-1.0853
1763166442.5509024,405,10,0,person,1.2471,,-21.6495
1763166442.5509024,405,11,39,bottle,5.2288,1.4555,23.4567
1763166442.5509024,405,13,56,chair,3.7963,,-2.4278
1763166442.6597092,406,4,0,person,0.6759,1.0514,1.3953
1763166442.6597092,406,10,0,person,1.2471,,-21.6495
1763166442.6607075,406,11,39,bottle,5.2288,,23.4567
1763166442.6607075,406,13,56,chair,3.7963,,-2.4278
1763166442.7751462,407,4,0,person,0.6723,-0.0316,1.3953
1763166442.7761455,407,10,0,person,1.2471,,-21.6495
1763166442.7761455,407,11,39,bottle,5.1320,-0.8388,23.4132
1763166442.7761455,407,13,56,chair,3.7963,,-2.4278
1763166442.87066,408,4,0,person,0.6445,-0.2910,1.4986
1763166442.8716724,408,10,0,person,1.2471,,-21.6495
1763166442.8716724,408,11,39,bottle,5.1320,,23.6739
1763166442.8716724,408,13,56,chair,3.7963,,-2.4278
1763166443.0019023,409,4,0,person,0.6346,-0.0750,1.6019
1763166443.0028994,409,10,0,person,1.2471,,-21.6495
1763166443.0028994,409,11,39,bottle,5.0387,-0.7111,23.8038
1763166443.0039053,409,13,56,chair,3.7963,,-2.4278
1763166443.0039053,409,14,56,chair,1.7765,,-20.5700
1763166443.1154268,410,4,0,person,0.5458,-0.7829,-2.5310
1763166443.1154268,410,10,0,person,1.2471,,-21.6495
1763166443.1164246,410,11,39,bottle,5.0387,,23.8038
1763166443.1164246,410,13,56,chair,3.7963,,-2.4278
1763166443.1174226,410,14,56,chair,1.7765,,-20.5700
1763166443.2155561,411,4,0,person,0.5630,0.1723,-3.0467
1763166443.2165556,411,10,0,person,1.2471,,-21.6495
1763166443.2165556,411,11,39,bottle,5.0387,,23.8038
1763166443.2175534,411,14,56,chair,1.7765,,-20.5700
1763166443.32753,412,4,0,person,0.5707,0.0690,-3.3558
1763166443.3285294,412,10,0,person,1.2471,,-21.6495
1763166443.3285294,412,11,39,bottle,5.0387,,23.8038
1763166443.3285294,412,14,56,chair,1.7765,,-20.5700
1763166443.3295271,412,15,59,bed,0.4434,,0.5685
1763166443.43703,413,4,0,person,0.5329,-0.3453,-5.1548
1763166443.4380436,413,10,0,person,1.2471,,-21.6495
1763166443.4380436,413,11,39,bottle,5.0387,,23.8038
1763166443.4390438,413,14,56,chair,1.7765,,-20.5700
1763166443.4390438,413,15,59,bed,0.4434,,0.5685
1763166443.5464258,414,4,0,person,0.5787,0.4182,-3.8706
1763166443.5474389,414,10,0,person,1.2471,,-21.6495
1763166443.5474389,414,11,39,bottle,5.0387,,23.8038
1763166443.5474389,414,14,56,chair,1.7765,,-20.5700
1763166443.5474389,414,15,59,bed,0.4434,,0.5685
1763166443.548438,414,16,39,bottle,5.3294,,15.3358
1763166443.6351612,415,4,0,person,0.5855,0.0765,-3.6133
1763166443.6351612,415,10,0,person,1.2471,,-21.6495
1763166443.636156,415,11,39,bottle,5.0387,,23.8038
1763166443.636156,415,14,56,chair,1.7765,,-20.5700
1763166443.636156,415,15,59,bed,0.4434,,0.5685
1763166443.636156,415,16,39,bottle,5.4339,1.1913,15.1915
1763166443.7312694,416,4,0,person,0.5721,-0.1397,-3.7162
1763166443.7312694,416,10,0,person,1.2471,,-21.6495
1763166443.7322693,416,11,39,bottle,5.0387,,23.8038
1763166443.7322693,416,14,56,chair,1.7765,,-20.5700
1763166443.7322693,416,15,59,bed,0.4434,,0.5685
1763166443.7332778,416,16,39,bottle,5.2288,-2.1113,15.3839
1763166443.8157206,417,4,0,person,0.5855,0.1590,-2.5826
1763166443.8167257,417,10,0,person,1.2471,,-21.6495
1763166443.8167257,417,11,39,bottle,5.0387,,23.8038
1763166443.8177216,417,14,56,chair,1.7765,,-20.5700
1763166443.8177216,417,15,59,bed,0.4434,,0.5685
1763166443.8177216,417,16,39,bottle,4.8619,-4.3453,17.2876
1763166443.9164286,418,4,0,person,0.5827,-0.0272,-1.9633
1763166443.9164286,418,10,0,person,1.2471,,-21.6495
1763166443.9174273,418,11,39,bottle,5.0387,,23.8038
1763166443.9174273,418,14,56,chair,1.7765,,-20.5700
1763166443.9174273,418,15,59,bed,0.4434,,0.5685
1763166443.9184244,418,16,39,bottle,5.0387,1.7556,17.7576
1763166443.9184244,418,17,48,sandwich,2.4309,,25.3848
1763166444.0105526,419,4,0,person,0.5814,-0.0144,-0.4652
1763166444.0105526,419,10,0,person,1.2471,,-21.6495
1763166444.011553,419,11,39,bottle,5.0387,,23.8038
1763166444.011553,419,14,56,chair,1.7765,,-20.5700
1763166444.011553,419,15,59,bed,0.4434,,0.5685
1763166444.0125523,419,16,39,bottle,5.0387,,17.7576
1763166444.0125523,419,17,48,sandwich,2.4309,,25.3848
1763166444.097936,420,4,0,person,0.5643,-0.1957,-1.0336
1763166444.0985663,420,10,0,person,1.2471,,-21.6495
1763166444.0985663,420,11,39,bottle,5.0387,,23.8038
1763166444.099547,420,14,56,chair,1.7765,,-20.5700
1763166444.099547,420,15,59,bed,0.4434,,0.5685
1763166444.099547,420,16,39,bottle,5.0387,,19.6127
1763166444.099547,420,17,48,sandwich,2.4309,,25.3848
1763166444.1940737,421,4,0,person,0.5814,0.1779,-0.1551
1763166444.195176,421,10,0,person,1.2471,,-21.6495
1763166444.195176,421,11,39,bottle,5.0387,,23.8038
1763166444.196233,421,14,56,chair,1.7765,,-20.5700
1763166444.196233,421,15,59,bed,0.4434,,0.5685
1763166444.196233,421,16,39,bottle,5.0387,,19.6127
1763166444.196233,421,17,48,sandwich,2.4309,,25.3848
1763166444.2950208,422,4,0,person,0.5567,-0.2443,0.8269
1763166444.2950208,422,10,0,person,1.2471,,-21.6495
1763166444.2960048,422,11,39,bottle,5.0387,,23.8038
1763166444.2960048,422,14,56,chair,1.7765,,-20.5700
1763166444.2960048,422,15,59,bed,0.4434,,0.5685
1763166444.2960048,422,16,39,bottle,5.0387,,19.6127
1763166444.2960048,422,17,48,sandwich,2.4309,,25.3848
1763166444.297525,422,18,39,bottle,4.7781,,23.1516
1763166444.3933413,423,4,0,person,0.5567,,1.0336
1763166444.3933413,423,11,39,bottle,5.0387,,23.8038
1763166444.3933413,423,14,56,chair,1.7765,,-20.5700
1763166444.394338,423,15,59,bed,0.4434,,0.5685
1763166444.394338,423,16,39,bottle,5.0387,,19.6127
1763166444.394338,423,17,48,sandwich,2.4309,,25.3848
1763166444.394338,423,18,39,bottle,4.4698,-3.1841,23.5002
1763166444.5220037,424,4,0,person,0.5630,0.0488,1.8084
1763166444.5229933,424,11,39,bottle,5.0387,,23.8038
1763166444.523992,424,14,56,chair,1.7765,,-20.5700
1763166444.523992,424,15,59,bed,0.4434,,0.5685
1763166444.523992,424,16,39,bottle,5.0387,,19.6127
1763166444.523992,424,17,48,sandwich,2.4309,,25.3848
1763166444.523992,424,18,39,bottle,4.4698,,23.5002
1763166444.6317706,425,4,0,person,0.5580,-0.0459,2.4278
1763166444.6327972,425,11,39,bottle,5.0387,,23.8038
1763166444.6327972,425,14,56,chair,1.7765,,-20.5700
1763166444.6327972,425,15,59,bed,0.4434,,0.5685
1763166444.633794,425,16,39,bottle,5.0387,,19.6127
1763166444.633794,425,17,48,sandwich,2.4309,,25.3848
1763166444.633794,425,18,39,bottle,4.3989,-0.6462,25.5954
1763166444.7551603,426,4,0,person,0.5580,,2.4278
1763166444.7551603,426,11,39,bottle,5.0387,,23.8038
1763166444.7561593,426,14,56,chair,1.7765,,-20.5700
1763166444.7561593,426,15,59,bed,0.4434,,0.5685
1763166444.7561593,426,16,39,bottle,5.0387,,19.6127
1763166444.7561593,426,17,48,sandwich,2.4309,,25.3848
1763166444.757156,426,18,39,bottle,4.2635,-1.0972,25.8471
1763166444.883677,427,4,0,person,0.5555,-0.0193,3.4588
1763166444.8846755,427,11,39,bottle,5.0387,,23.8038
1763166444.8846755,427,14,56,chair,1.7765,,-20.5700
1763166444.8846755,427,15,59,bed,0.4434,,0.5685
1763166444.885678,427,16,39,bottle,5.0387,,19.6127
1763166444.885678,427,17,48,sandwich,2.4309,,25.3848
1763166444.885678,427,18,39,bottle,4.3989,1.0531,26.0977
1763166445.0128863,428,4,0,person,0.5352,-0.1568,5.8717
1763166445.013884,428,11,39,bottle,5.0387,,23.8038
1763166445.013884,428,14,56,chair,1.7765,,-20.5700
1763166445.013884,428,15,59,bed,0.4434,,0.5685
1763166445.013884,428,16,39,bottle,5.0387,,19.6127
1763166445.0148695,428,17,48,sandwich,2.4309,,25.3848
1763166445.0148695,428,18,39,bottle,4.3989,,26.1810
1763166445.1287858,429,4,0,person,0.5387,0.0299,6.6378
1763166445.1297867,429,11,39,bottle,5.0387,,23.8038
1763166445.1297867,429,14,56,chair,1.7765,,-20.5700
1763166445.1297867,429,15,59,bed,0.4434,,0.5685
1763166445.1307857,429,16,39,bottle,5.0387,,19.6127
1763166445.1307857,429,17,48,sandwich,2.4309,,25.3848
1763166445.1307857,429,18,39,bottle,4.3989,,26.1810
1763166445.2771423,430,4,0,person,0.5307,-0.0541,6.9945
1763166445.2771423,430,11,39,bottle,5.0387,,23.8038
1763166445.2781417,430,14,56,chair,1.7765,,-20.5700
1763166445.2781417,430,15,59,bed,0.4434,,0.5685
1763166445.2781417,430,16,39,bottle,5.0387,,19.6127
1763166445.2791395,430,17,48,sandwich,2.4309,,25.3848
1763166445.2791395,430,18,39,bottle,4.3989,,26.1810
1763166445.411046,431,4,0,person,0.7794,1.8577,7.7063
1763166445.411046,431,11,39,bottle,5.0387,,23.8038
1763166445.4120462,431,14,56,chair,1.7765,,-20.5700
1763166445.4120462,431,15,59,bed,0.4434,,0.5685
1763166445.4120462,431,16,39,bottle,5.0387,,19.6127
1763166445.4120462,431,17,48,sandwich,2.4309,,25.3848
1763166445.4130461,431,18,39,bottle,4.3989,,26.1810
1763166445.5193691,432,4,0,person,0.8151,0.3292,13.2980
1763166445.5193691,432,11,39,bottle,5.0387,,23.8038
1763166445.5193691,432,14,56,chair,1.7765,,-20.5700
1763166445.5203683,432,15,59,bed,0.4434,,0.5685
1763166445.5203683,432,16,39,bottle,5.0387,,19.6127
1763166445.5203683,432,17,48,sandwich,2.4309,,25.3848
1763166445.5203683,432,18,39,bottle,4.3989,,26.1810
1763166445.6507673,433,4,0,person,1.4935,5.1631,21.2465
1763166445.65176,433,11,39,bottle,5.0387,,23.8038
1763166445.65176,433,14,56,chair,1.7765,,-20.5700
1763166445.65176,433,15,59,bed,0.4434,,0.5685
1763166445.6527457,433,16,39,bottle,5.0387,,19.6127
1763166445.6527457,433,17,48,sandwich,2.4309,,25.3848
1763166445.6527457,433,18,39,bottle,4.3989,,26.1810
1763166445.7734284,434,4,0,person,1.4935,,21.2465
1763166445.7744298,434,11,39,bottle,5.0387,,23.8038
1763166445.7744298,434,14,56,chair,1.7765,,-20.5700
1763166445.7744298,434,15,59,bed,0.4434,,0.5685
1763166445.775426,434,16,39,bottle,5.0387,,19.6127
1763166445.775426,434,17,48,sandwich,2.4309,,25.3848
1763166445.775426,434,18,39,bottle,4.3989,,26.1810
1763166445.8947341,435,4,0,person,1.4935,,21.2465
1763166445.8947341,435,11,39,bottle,5.0387,,23.8038
1763166445.8957305,435,14,56,chair,1.7765,,-20.5700
1763166445.8957305,435,15,59,bed,0.4434,,0.5685
1763166445.8957305,435,16,39,bottle,5.0387,,19.6127
1763166445.8957305,435,17,48,sandwich,2.4309,,25.3848
1763166445.8967285,435,18,39,bottle,4.3989,,26.1810
1763166445.9980147,436,4,0,person,1.4935,,21.2465
1763166445.9980147,436,11,39,bottle,5.0387,,23.8038
1763166445.9994135,436,14,56,chair,1.7765,,-20.5700
1763166445.9994135,436,15,59,bed,0.4434,,0.5685
1763166445.9994135,436,16,39,bottle,5.0387,,19.6127
1763166445.9994135,436,17,48,sandwich,2.4309,,25.3848
1763166446.0003912,436,18,39,bottle,4.3989,,26.1810
1763166446.0984087,437,4,0,person,1.4935,,21.2465
1763166446.0984087,437,11,39,bottle,5.0387,,23.8038
1763166446.0994294,437,14,0,person,1.2286,-5.4773,-21.5154
1763166446.0994294,437,15,40,wine glass,1.4212,9.7761,6.0251
1763166446.0994294,437,16,39,bottle,5.0387,,19.6127
1763166446.0994294,437,17,48,sandwich,2.4309,,25.3848
1763166446.1004288,437,18,39,bottle,4.3989,,26.1810
1763166446.2183614,438,4,0,person,1.4935,,21.2465
1763166446.2193587,438,11,39,bottle,5.0387,,23.8038
1763166446.2193587,438,14,0,person,0.8178,-3.4261,-16.7204
1763166446.2193587,438,15,40,wine glass,1.4212,,6.0251
1763166446.2193587,438,16,39,bottle,5.0387,,19.6127
1763166446.2193587,438,17,48,sandwich,2.4309,,25.3848
1763166446.2208781,438,18,39,bottle,4.3989,,26.1810
1763166446.3133917,439,4,0,person,1.4935,,21.2465
1763166446.3143835,439,11,39,bottle,5.0387,,23.8038
1763166446.3148985,439,14,0,person,0.7604,-0.6002,-15.6239
1763166446.3148985,439,15,40,wine glass,1.4212,,6.0251
1763166446.3148985,439,16,39,bottle,5.0387,,19.6127
1763166446.31591,439,17,48,sandwich,2.4309,,25.3848
1763166446.31591,439,18,39,bottle,4.3989,,26.1810
1763166446.412032,440,4,0,person,1.4935,,21.2465
1763166446.412032,440,14,0,person,0.5617,-2.0453,-9.8264
1763166446.4130378,440,15,40,wine glass,1.4212,,6.0251
1763166446.4130378,440,16,39,bottle,5.0387,,19.6127
1763166446.4130378,440,17,48,sandwich,2.4309,,25.3848
1763166446.4130378,440,18,39,bottle,4.3989,,26.1810
1763166446.5307724,441,4,0,person,1.4935,,21.2465
1763166446.531766,441,14,0,person,0.4478,-0.9518,-4.1792
1763166446.531766,441,15,40,wine glass,1.4212,,6.0251
1763166446.5327652,441,16,39,bottle,5.0387,,19.6127
1763166446.5327652,441,17,48,sandwich,2.4309,,25.3848
1763166446.5327652,441,18,39,bottle,4.3989,,26.1810
1763166446.6508923,442,4,0,person,1.4935,,21.2465
1763166446.6508923,442,14,0,person,0.4688,0.1766,-5.5646
1763166446.6518922,442,15,40,wine glass,1.4212,,6.0251
1763166446.6518922,442,16,39,bottle,5.0387,,19.6127
1763166446.6518922,442,17,48,sandwich,2.4309,,25.3848
1763166446.6518922,442,18,39,bottle,4.3989,,26.1810
1763166446.7629044,443,4,0,person,1.4935,,21.2465
1763166446.7629044,443,14,0,person,0.3940,-0.6678,-0.3618
1763166446.7639034,443,15,40,wine glass,1.4212,,6.0251
1763166446.7639034,443,16,39,bottle,5.0387,,19.6127
1763166446.7639034,443,17,48,sandwich,2.4309,,25.3848
1763166446.7639034,443,18,39,bottle,4.3989,,26.1810
1763166446.8709214,444,4,0,person,1.4935,,21.2465
1763166446.8719363,444,14,0,person,0.4293,0.3234,-2.8405
1763166446.8719363,444,15,40,wine glass,1.4212,,6.0251
1763166446.8719363,444,16,39,bottle,5.0387,,19.6127
1763166446.8719363,444,17,48,sandwich,2.4309,,25.3848
1763166446.8719363,444,18,39,bottle,4.3989,,26.1810
1763166446.9657576,445,4,0,person,1.4935,,21.2465
1763166446.9662693,445,14,0,person,0.4399,0.1124,-3.7677
1763166446.9662693,445,15,40,wine glass,1.4212,,6.0251
1763166446.9662693,445,16,39,bottle,5.0387,,19.6127
1763166446.9672878,445,17,48,sandwich,2.4309,,25.3848
1763166446.9672878,445,18,39,bottle,4.3989,,26.1810
1763166447.061997,446,4,0,person,1.4935,,21.2465
1763166447.0629952,446,14,0,person,0.4293,-0.1096,-3.0467
1763166447.0629952,446,15,40,wine glass,1.4212,,6.0251
1763166447.0629952,446,16,39,bottle,5.0387,,19.6127
1763166447.0629952,446,17,48,sandwich,2.4309,,25.3848
1763166447.0629952,446,18,39,bottle,4.3989,,26.1810
1763166447.1491868,447,4,0,person,1.4935,,21.2465
1763166447.1491868,447,14,0,person,0.4271,-0.0256,-2.8920
1763166447.1491868,447,15,40,wine glass,1.4212,,6.0251
1763166447.1501856,447,16,39,bottle,5.0387,,19.6127
1763166447.1501856,447,17,48,sandwich,2.4309,,25.3848
1763166447.1501856,447,18,39,bottle,4.3989,,26.1810
1763166447.2529883,448,4,0,person,1.4935,,21.2465
1763166447.2529883,448,14,0,person,0.4360,0.0863,-3.5103
1763166447.2539873,448,15,40,wine glass,1.4212,,6.0251
1763166447.2539873,448,16,39,bottle,5.0387,,19.6127
1763166447.2539873,448,17,48,sandwich,2.4309,,25.3848
1763166447.2539873,448,18,39,bottle,4.3989,,26.1810
1763166447.336329,449,4,0,person,1.4935,,21.2465
1763166447.3373318,449,14,0,person,0.4360,,-3.5103
1763166447.3373318,449,15,40,wine glass,1.4212,,6.0251
1763166447.3373318,449,16,39,bottle,5.0387,,19.6127
1763166447.3373318,449,18,39,bottle,4.3989,,26.1810
1763166447.4509752,450,4,0,person,1.4935,,21.2465
1763166447.4519799,450,14,0,person,0.4353,-0.0066,-2.8405
1763166447.4519799,450,15,40,wine glass,1.4212,,6.0251
1763166447.452957,450,16,39,bottle,5.0387,,19.6127
1763166447.452957,450,18,39,bottle,4.3989,,26.1810
1763166447.550757,451,4,0,person,1.4935,,21.2465
1763166447.551766,451,14,0,person,0.4220,-0.1329,-2.5310
1763166447.551766,451,15,40,wine glass,1.4212,,6.0251
1763166447.551766,451,18,39,bottle,4.3989,,26.1810
1763166447.6835496,452,4,0,person,1.4935,,21.2465
1763166447.6845486,452,14,0,person,0.4300,0.0603,-2.8920
1763166447.6845486,452,15,40,wine glass,1.4212,,6.0251
1763166447.6845486,452,18,39,bottle,4.3989,,26.1810
1763166447.7896066,453,4,0,person,1.4935,,21.2465
1763166447.790604,453,14,0,person,0.4715,0.3909,-4.2820
1763166447.790604,453,15,40,wine glass,1.4212,,6.0251
1763166447.790604,453,18,39,bottle,4.3989,,26.1810
1763166447.9067857,454,4,0,person,1.4935,,21.2465
1763166447.9077845,454,14,0,person,0.4636,-0.0673,-1.8601
1763166447.9077845,454,15,40,wine glass,1.4212,,6.0251
1763166447.9077845,454,18,39,bottle,4.3989,,26.1810
1763166448.0005555,455,4,0,person,1.4935,,21.2465
1763166448.0005555,455,14,0,person,0.4706,0.0754,-2.9951
1763166448.0015335,455,15,40,wine glass,1.4212,,6.0251
1763166448.0015335,455,18,39,bottle,4.3989,,26.1810
1763166448.080724,456,4,0,person,1.4935,,21.2465
1763166448.080724,456,14,0,person,0.4414,-0.3636,-2.9436
1763166448.0817094,456,15,40,wine glass,1.4212,,6.0251
1763166448.0817094,456,18,39,bottle,4.3989,,26.1810
1763166448.175543,457,4,0,person,1.4935,,21.2465
1763166448.175543,457,14,0,person,0.4619,0.2155,-4.1278
1763166448.175543,457,15,40,wine glass,1.4212,,6.0251
1763166448.177025,457,18,39,bottle,4.3989,,26.1810
1763166448.2962115,458,4,0,person,1.4935,,21.2465
1763166448.2962115,458,14,0,person,0.4478,-0.1168,-2.2214
1763166448.2962115,458,15,40,wine glass,1.4212,,6.0251
1763166448.297742,458,18,39,bottle,4.3989,,26.1810
1763166448.4007027,459,4,0,person,1.4935,,21.2465
1763166448.4007027,459,14,0,person,0.4345,-0.1269,-3.2013
1763166448.4016979,459,15,40,wine glass,1.4212,,6.0251
1763166448.5165963,460,4,0,person,1.4935,,21.2465
1763166448.5181174,460,14,0,person,0.4510,0.1405,-3.2528
1763166448.5181174,460,15,40,wine glass,1.4212,,6.0251
1763166448.6124988,461,4,0,person,1.4935,,21.2465
1763166448.6124988,461,14,0,person,0.4560,0.0524,-4.7957
1763166448.6124988,461,15,40,wine glass,1.4212,,6.0251
1763166448.6986356,462,4,0,person,1.4935,,21.2465
1763166448.6996264,462,14,0,person,0.4510,-0.0568,-4.2820
1763166448.6996264,462,15,40,wine glass,1.4212,,6.0251
1763166448.789736,463,4,0,person,1.4935,,21.2465
1763166448.789736,463,14,0,person,0.4486,-0.0270,-4.3334
1763166448.7907348,463,15,40,wine glass,1.4212,,6.0251
1763166448.8897285,464,14,0,person,0.4462,-0.0241,-4.1792
1763166448.890743,464,15,40,wine glass,1.4212,,6.0251
1763166448.9805596,465,14,0,person,0.4478,0.0176,-3.6648
1763166448.9805596,465,15,40,wine glass,1.4212,,6.0251
1763166449.0685074,466,14,0,person,0.4551,0.0836,-3.8192
1763166449.0685074,466,15,40,wine glass,1.4212,,6.0251
1763166449.1643956,467,14,0,person,0.4227,-0.3379,-2.4794
1763166449.1643956,467,15,40,wine glass,1.4212,,6.0251
1763166449.2748053,468,14,0,person,0.4454,0.2051,-2.1698
1763166449.385763,469,14,0,person,0.4576,0.1105,-4.0764
1763166449.4798546,470,14,0,person,0.4688,0.1189,-3.7162
1763166449.5688105,471,14,0,person,0.4619,-0.0781,-3.8192
1763166449.6658762,472,14,0,person,0.4645,0.0266,-3.4588
1763166449.7641723,473,14,0,person,0.4568,-0.0779,-3.8192
1763166449.848934,474,14,0,person,0.4619,0.0599,-4.1278
1763166449.848934,474,19,15,cat,0.5402,,-3.5618
1763166449.9445755,475,14,0,person,0.4535,-0.0878,-4.2306
1763166449.945083,475,19,15,cat,0.5402,,-3.5618
1763166450.04102,476,14,0,person,0.4568,0.0344,-4.1278
1763166450.04102,476,19,15,cat,0.5402,,-3.5618
1763166450.1375606,477,14,0,person,0.4688,0.1245,-3.6133
1763166450.1385598,477,19,15,cat,0.5402,,-3.5618
1763166450.2253652,478,14,0,person,0.4602,-0.0985,-3.5103
1763166450.2253652,478,19,15,cat,0.5402,,-3.5618
1763166450.315818,479,14,0,person,0.4959,0.3945,-3.1497
1763166450.315818,479,19,15,cat,0.5402,,-3.5618
1763166450.4180512,480,14,0,person,0.4959,,-3.1497
1763166450.4190671,480,19,0,person,0.4462,-0.9107,-3.0467
1763166450.5158312,481,14,15,cat,1.2712,7.9298,-6.6888
1763166450.5168438,481,19,0,person,0.4787,0.3328,-4.1792
1763166450.6046138,482,14,15,cat,1.2712,,-6.6888
1763166450.6056142,482,19,0,person,0.4787,,-4.1792
1763166450.7022667,483,14,15,cat,1.2712,,-6.6888
1763166450.7022667,483,19,0,person,0.4787,,-4.1792
1763166450.7959256,484,14,15,cat,0.9116,-3.8397,-8.4156
1763166450.7969398,484,19,0,person,0.4787,,-4.1792
1763166450.8890917,485,14,15,cat,0.9116,,-8.4156
1763166450.8890917,485,19,0,person,0.4787,,-4.1792
1763166450.9761004,486,14,15,cat,0.9116,,-8.4156
1763166450.9761004,486,19,0,person,0.4715,-0.0832,3.9735
1763166451.0823777,487,14,15,cat,0.9116,,-8.4156
1763166451.0832064,487,19,0,person,0.5434,0.6713,0.4652
1763166451.1923792,488,14,15,cat,0.9116,,-8.4156
1763166451.1933749,488,19,0,person,0.4949,-0.4404,1.8601
1763166451.2993517,489,14,15,cat,0.9116,,-8.4156
1763166451.2993517,489,19,0,person,0.5656,0.6671,-1.0853
1763166451.4113133,490,14,15,cat,0.9116,,-8.4156
1763166451.4113133,490,19,0,person,0.5410,-0.2192,-1.0853
1763166451.5224016,491,14,15,cat,0.9116,,-8.4156
1763166451.5234149,491,19,0,person,0.4900,-0.4551,-0.6719
1763166451.6319175,492,14,15,cat,0.9116,,-8.4156
1763166451.6329339,492,19,0,person,0.4900,,1.8084
1763166451.740864,493,14,15,cat,0.9116,,-8.4156
1763166451.741871,493,19,0,person,0.4998,0.0901,0.4652
1763166451.835794,494,14,15,cat,0.9116,,-8.4156
1763166451.835794,494,19,0,person,0.5273,0.2925,1.9117
1763166451.9244366,495,14,15,cat,0.9116,,-8.4156
1763166451.9254208,495,19,0,person,0.5240,-0.0371,1.9633
1763166452.0293007,496,14,15,cat,0.9116,,-8.4156
1763166452.0293007,496,19,0,person,0.5318,0.0753,2.4278
1763166452.1401224,497,14,15,cat,0.9116,,-8.4156
1763166452.1401224,497,19,0,person,0.5318,,2.7373
1763166452.2586598,498,14,15,cat,0.9116,,-8.4156
1763166452.2601674,498,19,0,person,0.5387,0.0574,2.6342
1763166452.359645,499,14,15,cat,0.9116,,-8.4156
1763166452.3606458,499,19,0,person,0.6251,0.8600,3.9735
1763166452.4884148,500,14,15,cat,0.9116,,-8.4156
1763166452.4884148,500,19,0,person,0.5694,-0.4356,6.1784
1763166452.6023445,501,14,15,cat,0.9116,,-8.4156
1763166452.6023445,501,19,0,person,0.6330,0.5582,4.3334
1763166452.682408,502,14,15,cat,0.9116,,-8.4156
1763166452.683428,502,19,0,person,0.6143,-0.2308,6.0762
1763166452.7862139,503,14,15,cat,0.9116,,-8.4156
1763166452.787212,503,19,0,person,0.6025,-0.1144,6.1784
1763166452.958497,504,14,15,cat,0.9116,,-8.4156
1763166452.958497,504,19,0,person,0.6025,,6.1784
1763166453.1152594,505,14,15,cat,0.9116,,-8.4156
1763166453.116273,505,19,0,person,0.6871,0.5365,5.7182
1763166453.2769427,506,14,15,cat,0.9116,,-8.4156
1763166453.2779422,506,19,0,person,0.6546,-0.2008,7.8585
1763166453.4365504,507,14,15,cat,0.9116,,-8.4156
1763166453.4365504,507,19,0,person,1.2533,3.7748,0.6719
1763166453.6120408,508,14,15,cat,0.9116,,-8.4156
1763166453.6130438,508,19,0,person,1.2533,,0.6719
1763166453.8005097,509,14,0,person,0.5240,-2.0567,8.3144
1763166453.8015172,509,19,0,person,1.2533,,0.6719
1763169979.534581,1,1,0,person,0.4129,,-1.8601
1763169979.6536558,2,1,0,person,0.4249,0.1004,-2.7373
1763169979.7338064,3,1,0,person,0.4264,0.0181,-2.7373
1763169979.8148174,4,1,0,person,0.4264,,-2.7373
1763169979.9029171,5,1,0,person,0.4271,0.0083,-2.6858
1763169979.9795752,6,1,0,person,0.4256,-0.0190,-2.7889
1763169980.058817,7,1,0,person,0.4256,,-2.7889
1763169980.135318,8,1,0,person,0.4278,0.0286,-2.9436
1763169980.215567,9,1,0,person,0.4256,-0.0273,-2.6858
1763169980.295549,10,1,0,person,0.4249,-0.0091,-2.7373
1763169980.374278,11,1,0,person,0.4227,-0.0274,-2.5826
1763169980.4498544,12,1,0,person,0.4249,0.0286,-2.7373
1763169980.5299132,13,1,0,person,0.4264,0.0181,-2.8405
1763169980.6058972,14,1,0,person,0.4242,-0.0286,-2.6858
1763169980.6854177,15,1,0,person,0.4249,0.0091,-2.6342
1763169980.7625654,16,1,0,person,0.4249,,-2.6342
1763169980.8390968,17,1,0,person,0.4249,,-2.7373
1763169980.9188697,18,1,0,person,0.4249,,-2.7373
1763169980.9967773,19,1,0,person,0.4249,,-2.7373
1763169981.0741575,20,1,0,person,0.4249,,-2.7373
1763169981.1477456,21,1,0,person,0.4249,,-2.7373
1763169981.2320864,22,1,0,person,0.4249,,-2.6342
1763169981.3092854,23,1,0,person,0.4227,-0.0280,-2.5826
1763169981.3878207,24,1,0,person,0.4206,-0.0272,-2.2214
1763169981.490018,25,1,0,person,0.4213,0.0070,-2.2730
1763169981.5773995,26,1,0,person,0.4213,,-2.2730
1763169981.6525548,27,1,0,person,0.4249,0.0478,-2.6342
1763169981.7337315,28,1,0,person,0.4308,0.0723,-2.7373
1763169981.8085048,29,1,0,person,0.4715,0.5445,0.8786
1763169981.8871937,30,1,0,person,0.4192,-0.6646,-2.3246
1763169982.0242057,31,1,0,person,0.4220,0.0207,-2.5310
1763169982.1151457,32,1,0,person,0.4213,-0.0078,-1.9633
1763169982.2009692,33,1,0,person,0.4430,0.2529,1.1886
1763169982.2985034,34,1,0,person,0.4446,0.0162,-0.4652
1763169982.375764,35,1,0,person,0.4446,,-0.4652
1763169982.4526787,36,1,0,person,0.4462,0.0207,-0.7753
1763169982.5327134,37,1,0,person,0.4662,0.2501,1.7052
1763169982.6099317,38,1,0,person,0.4910,0.3209,1.4469
1763169982.6879795,39,1,0,person,0.4910,,1.4469
1763169982.77161,40,1,0,person,0.4619,-0.3479,-0.8269
1763169982.847738,41,1,0,person,0.4852,0.3069,1.0336
1763169982.9273505,42,1,0,person,0.4627,-0.2827,-0.3618
1763169983.0031953,43,1,0,person,0.4939,0.4108,1.2920
1763169983.0818002,44,1,0,person,0.4939,,1.2920
1763169983.1585293,45,1,0,person,0.4949,0.0128,1.2403
1763169983.2435055,46,1,0,person,0.5049,0.1179,1.6535
1763169983.318245,47,1,0,person,0.5049,,1.4469
1763169983.3959897,48,1,0,person,0.5049,,1.4469
1763169983.47416,49,1,0,person,0.5008,-0.0519,1.4469
1763169983.5518107,50,1,0,person,0.4900,-0.1394,0.8786
1763169983.6321738,51,1,0,person,0.5049,0.1851,1.5502
1763169983.709309,52,1,0,person,0.5008,-0.0526,1.4469
1763169983.7925045,53,1,0,person,0.5008,,1.4469
1763169983.869732,54,1,0,person,0.5059,0.0658,1.9117
1763169983.945835,55,1,0,person,0.5008,-0.0667,1.9633
1763169984.027473,56,1,0,person,0.4959,-0.0610,1.3953
1763169984.1051102,57,1,0,person,0.4959,,1.3953
1763169984.1806622,58,1,0,person,0.4998,0.0526,1.7052
1763169984.263218,59,1,0,person,0.4959,-0.0481,1.3953
1763169984.3408828,60,1,0,person,0.4502,-0.5877,-1.6535
1763169984.4175627,61,1,0,person,0.4518,0.0213,-0.9303
1763169984.4961476,62,1,0,person,0.4518,,-0.9303
1763169984.5755317,63,1,0,person,0.4478,-0.0511,-1.3953
1763169984.653073,64,1,0,person,0.4478,,-1.3953
1763169984.7296023,65,1,0,person,0.4751,0.3566,-0.7753
1763169984.814292,66,1,0,person,0.4751,,-0.7753
1763169984.906689,67,1,0,person,0.4787,0.0395,-3.4588
1763169984.9787989,68,1,0,person,0.4446,-0.4734,-2.3246
1763169985.0639834,69,1,0,person,0.4470,0.0281,-2.5826
1763169985.1389403,70,1,0,person,0.4422,-0.0634,-3.0982
1763169985.2171676,71,1,0,person,0.4264,-0.2029,-2.1182
1763169985.3008275,72,1,0,person,0.4264,,-2.1182
1763169985.3776996,73,1,0,person,0.4213,-0.0656,-2.0666
1763169985.4549644,74,1,0,person,0.4220,0.0092,-2.3246
1763169985.531127,75,1,0,person,0.4293,0.0954,-2.3246
1763169985.6100147,76,1,0,person,0.4293,,-2.3246
1763169985.6915796,77,1,0,person,0.4278,-0.0181,-1.9117
1763169985.7702193,78,1,0,person,0.4376,0.1241,-2.5826
1763169985.8475597,79,1,0,person,0.4502,0.1634,-3.3043
1763169985.8475597,79,2,0,person,1.1286,,15.0952
1763169985.9262,80,1,0,person,0.4462,-0.0512,-2.3246
1763169985.9262,80,2,0,person,1.1286,,15.0952
1763169986.0028663,81,1,0,person,0.4462,,-2.3246
1763169986.0038664,81,2,0,person,1.1286,,15.0952
1763169986.081475,82,1,0,person,0.4338,-0.1579,-3.1497
1763169986.081475,82,2,0,person,1.1286,,15.0952
1763169986.157696,83,1,0,person,0.4568,0.3023,-2.3762
1763169986.157696,83,2,0,person,1.1286,,15.0952
1763169986.2290628,84,1,0,person,0.4662,0.1316,-5.1035
1763169986.2300577,84,2,0,person,1.1286,,15.0952
1763169986.3200452,85,1,0,person,0.4662,,-5.1035
1763169986.3200452,85,2,0,person,1.1286,,15.0952
1763169986.4158347,86,1,0,person,0.4929,0.2789,-6.7907
1763169986.4178333,86,2,0,person,1.1286,,15.0952
1763169986.517664,87,1,0,person,0.5787,0.8423,-6.2295
1763169986.5186815,87,2,0,person,1.1286,,15.0952
1763169986.6023,88,1,0,person,0.5774,-0.0158,-5.6670
1763169986.6023,88,2,0,person,1.1286,,15.0952
1763169986.6959593,89,1,0,person,0.5422,-0.3752,-7.8077
1763169986.696968,89,2,0,person,1.1286,,15.0952
1763169986.7890832,90,1,0,person,0.5318,-0.1117,-7.9599
1763169986.7900898,90,2,0,person,1.1286,,15.0952
1763169986.8626792,91,1,0,person,0.5458,0.1897,-8.6684
1763169986.8636847,91,2,0,person,1.1286,,15.0952
1763169986.9428039,92,1,0,person,0.5605,0.1837,-8.9712
1763169986.9428039,92,2,0,person,1.1286,,15.0952
1763169987.0171552,93,1,0,person,0.5605,,-8.9712
1763169987.0171552,93,2,0,person,1.1286,,15.0952
1763169987.101086,94,1,0,person,0.6054,0.5349,-10.8269
1763169987.101086,94,2,0,person,1.1286,,15.0952
1763169987.1782866,95,1,0,person,0.6314,0.3375,-12.2657
1763169987.1782866,95,2,0,person,1.1286,,15.0952
1763169987.254793,96,1,0,person,0.6778,0.6055,-13.7865
1763169987.255791,96,2,0,person,1.1286,,15.0952
1763169987.3362315,97,1,0,person,0.6778,,-13.7865
1763169987.3362315,97,2,0,person,1.1286,,15.0952
1763169987.4129655,98,1,0,person,0.6967,0.2467,-14.2730
1763169987.4139643,98,2,0,person,1.1286,,15.0952
1763169987.4898841,99,1,0,person,0.6967,,-14.2730
1763169987.4898841,99,2,0,person,1.1286,,15.0952
1763169987.5682797,100,1,0,person,0.6564,-0.5145,-12.7091
1763169987.5682797,100,2,0,person,1.1286,,15.0952
1763169987.6456742,101,1,0,person,0.6025,-0.6965,-11.1258
1763169987.6466784,101,2,0,person,1.1286,,15.0952
1763169987.7255905,102,1,0,person,0.6025,,-11.1258
1763169987.7265837,102,2,0,person,1.1286,,15.0952
1763169987.803675,103,1,0,person,0.5869,-0.1997,-10.4775
1763169987.8046649,103,2,0,person,1.1286,,15.0952
1763169987.8947103,104,1,0,person,0.5869,,-10.4775
1763169987.8947103,104,2,0,person,1.1286,,15.0952
1763169987.9722803,105,1,0,person,0.5814,-0.0705,-10.6773
1763169987.9732964,105,2,0,person,1.1286,,15.0952
1763169988.0486977,106,1,0,person,0.5814,,-10.6773
1763169988.0486977,106,2,0,person,1.1286,,15.0952
1763169988.1285813,107,1,0,person,0.5910,0.1207,-10.8269
1763169988.1295922,107,2,0,person,1.1286,,15.0952
1763169988.2068567,108,1,0,person,0.5747,-0.2088,-10.5274
1763169988.2068567,108,2,0,person,1.1286,,15.0952
1763169988.284675,109,1,0,person,0.5967,0.2827,-10.3275
1763169988.284675,109,2,0,person,1.1286,,15.0952
1763169988.3627782,110,1,0,person,0.6010,0.0552,-11.1756
1763169988.4423447,111,1,0,person,0.6010,,-11.1756
1763169988.5160854,112,1,0,person,0.6113,0.1398,-11.8208
1763169988.598357,113,1,0,person,0.6363,0.3033,-12.6107
1763169988.6829183,114,1,0,person,0.6462,0.1170,-12.9057
1763169988.7712965,115,1,0,person,0.6564,0.1154,-13.2000
1763169988.8498046,116,1,0,person,0.6651,0.1115,-13.4447
1763169988.961642,117,1,0,person,0.6633,-0.0158,-13.3958
1763169989.0542946,118,1,0,person,0.6633,,-13.3958
1763169989.1299438,119,1,0,person,0.6581,-0.0694,-13.2490
1763169989.212534,120,1,0,person,0.6633,0.0636,-13.3958
1763169989.3156204,121,1,0,person,0.6616,-0.0171,-13.3469
1763169989.394502,122,1,0,person,0.6598,-0.0222,-13.2980
1763169989.474195,123,1,0,person,0.6462,-0.1716,-12.9057
1763169989.5508053,124,1,0,person,0.6462,,-12.9057
1763169989.6294003,125,1,0,person,0.6143,-0.4050,-11.9198
1763169989.7061975,126,1,0,person,0.6098,-0.0587,-11.5730
1763169989.7850828,127,1,0,person,0.5924,-0.2203,-10.4775
1763169989.862491,128,1,0,person,0.6143,0.2828,-9.8264
1763169989.9629707,129,1,0,person,0.6330,0.1862,-8.7189
1763169990.0725627,130,1,0,person,0.6330,,-8.7189
1763169990.1598368,131,1,0,person,0.5694,-0.7287,-10.1272
1763169990.2385538,132,1,0,person,0.5630,-0.0816,-9.8766
1763169990.3215919,133,1,0,person,0.5592,-0.0456,-9.8264
1763169990.4158251,134,1,0,person,0.5681,0.0946,-9.0720
1763169990.508423,135,1,0,person,0.5543,-0.1500,-9.4245
1763169990.601872,136,1,0,person,0.5996,0.4848,-8.9208
1763169990.696618,137,1,0,person,0.5896,-0.1047,-9.3742
1763169990.7693655,138,1,0,person,0.5617,-0.3834,-9.7260
1763169990.8519921,139,1,0,person,0.5617,,-9.7260
1763169990.9289348,140,1,0,person,0.5341,-0.3596,-8.8703
1763169991.0091593,141,1,0,person,0.5175,-0.2072,-8.0106
1763169991.0867593,142,1,0,person,0.5111,-0.0820,-7.2998
1763169991.1636505,143,1,0,person,0.5111,,-7.2998
1763169991.2448869,144,1,0,person,0.5121,0.0129,-7.2490
1763169991.3226295,145,1,0,person,0.5470,0.4478,-6.1784
1763169991.4009552,146,1,0,person,0.5530,0.0774,-2.7373
1763169991.4763885,147,1,0,person,0.5530,,-2.7373
1763169991.5543497,148,1,0,person,0.4653,-1.1249,-4.2306
1763169991.6345637,149,1,0,person,0.4345,-0.3840,-2.6858
1763169991.711044,150,1,0,person,0.4227,-0.1541,-1.2403
1763169991.7874591,151,1,0,person,0.4235,0.0094,-2.1182
1763169991.8698742,152,1,0,person,0.4235,,-2.1182
1763169991.948911,153,1,0,person,0.4235,,-2.1182
1763169992.0223982,154,1,0,person,0.4376,0.1921,-3.2013
1763169992.1025121,155,1,0,person,0.5008,0.7897,-0.7236
1763169992.1789556,156,1,0,person,0.5341,0.4349,1.1886
1763169992.3212686,157,1,0,person,0.5555,0.1504,1.8084
1763169992.459173,158,1,0,person,0.5446,-0.0792,1.1370
1763169992.5419118,159,1,0,person,0.5410,-0.0428,0.9820
1763169992.615827,160,1,0,person,0.4824,-0.7928,-1.6019
1763169992.6928844,161,1,0,person,0.4438,-0.5013,-4.0250
1763169992.7717211,162,1,0,person,0.4438,,-4.0250
1763169992.8521554,163,1,0,person,0.4446,0.0098,-4.0764
1763169992.9286096,164,1,0,person,0.4446,,-4.0764
1763169993.0094512,165,1,0,person,0.4430,-0.0195,-3.9735
1763169993.0897439,166,1,0,person,0.4430,,-3.9735
1763169993.179941,167,1,0,person,0.4430,,-3.9735
1763169993.260361,168,1,0,person,0.4430,,-3.9735
1763169993.3358042,169,1,0,person,0.4399,-0.0414,-3.7677
1763169993.414418,170,1,0,person,0.4414,0.0198,-3.8706
1763169993.4948392,171,1,0,person,0.4407,-0.0097,-3.8192
1763169993.6521811,172,1,0,person,0.4399,-0.0049,-3.7677
1763169993.7319267,173,1,0,person,0.4391,-0.0097,-3.7162
1763169993.8103478,174,1,0,person,0.4391,,-3.7162
1763169993.9087532,175,1,0,person,0.4376,-0.0157,-3.6133
1763169993.9989107,176,1,0,person,0.4376,,-3.6133
1763169994.0879135,177,1,0,person,0.4383,0.0086,-3.6648
1763169994.1693096,178,1,0,person,0.4383,,-3.6648
1763169994.2505229,179,1,0,person,0.4383,,-3.6648
1763169994.3370614,180,1,0,person,0.4391,0.0089,-3.7162
1763169994.4190903,181,1,0,person,0.4383,-0.0094,-3.6648
1763169994.4984875,182,1,0,person,0.4376,-0.0097,-3.6133
1763169994.576324,183,1,0,person,0.4376,,-3.6133
1763169994.6555078,184,1,0,person,0.4383,0.0097,-3.4588
1763169994.736139,185,1,0,person,0.4383,,-3.3558
1763169994.8123462,186,1,0,person,0.4610,0.2977,-1.2920
1763169994.9100835,187,1,0,person,0.4862,0.2575,-0.8786
1763169995.0209928,188,1,0,person,0.4862,,-0.8786
1763169995.1153665,189,1,0,person,0.4454,-0.4324,-1.6535
1763169995.2207575,190,1,0,person,0.4527,0.0690,-0.6719
1763169995.3036757,191,1,0,person,0.4527,,-0.6719
1763169995.392431,192,1,0,person,0.4062,-0.5233,-1.3436
1763169995.46947,193,1,0,person,0.4062,,-1.3436
1763169995.5517647,194,1,0,person,0.4029,-0.0399,-0.7753
1763169995.6276267,195,1,0,person,0.3997,-0.0426,-0.6202
1763169995.7034903,196,1,0,person,0.3997,,-0.6202
1763169995.7857602,197,1,0,person,0.4036,0.0472,-1.1370
1763169995.8826354,198,1,0,person,0.4049,0.0135,-1.1370
1763169995.9730663,199,1,0,person,0.4042,-0.0073,-0.9820
1763169995.9740548,199,3,79,toothbrush,5.1320,,18.0852
1763169996.0522602,200,1,0,person,0.4016,-0.0329,-0.7753
1763169996.0522602,200,3,79,toothbrush,5.1320,,18.0852
1763169996.128302,201,1,0,person,0.4042,0.0342,-1.1886
1763169996.128302,201,3,79,toothbrush,5.1320,,18.0852
1763169996.2061045,202,1,0,person,0.4042,,-1.1886
1763169996.2061045,202,3,79,toothbrush,5.1320,,18.0852
1763169996.285706,203,1,0,person,0.4010,-0.0408,-0.9303
1763169996.285706,203,3,79,toothbrush,5.1320,,18.0852
1763169996.3593442,204,1,0,person,0.4102,0.1254,-1.6535
1763169996.3603575,204,3,79,toothbrush,5.1320,,18.0852
1763169996.4395654,205,1,0,person,0.4042,-0.0746,-1.0853
1763169996.4395654,205,3,79,toothbrush,5.1320,,18.0852
1763169996.5317628,206,1,0,person,0.4095,0.0576,-1.6019
1763169996.5317628,206,3,79,toothbrush,5.1320,,18.0852
1763169996.6155767,207,1,0,person,0.4095,,-1.6019
1763169996.6155767,207,3,79,toothbrush,5.1320,,18.0852
1763169996.7038395,208,1,0,person,0.4095,,-1.4986
1763169996.7038395,208,3,79,toothbrush,5.1320,,18.0852
1763169996.7847853,209,1,0,person,0.4136,0.0503,-1.9117
1763169996.7847853,209,3,79,toothbrush,5.1320,,18.0852
1763169996.8630462,210,1,0,person,0.4075,-0.0777,-1.4469
1763169996.8630462,210,3,79,toothbrush,5.1320,,18.0852
1763169996.9403987,211,1,0,person,0.4199,0.1597,-0.6202
1763169996.9403987,211,3,79,toothbrush,5.1320,,18.0852
1763169997.0260715,212,1,0,person,0.4422,0.2607,-0.8269
1763169997.0270708,212,3,79,toothbrush,5.1320,,18.0852
1763169997.1138687,213,1,0,person,0.4422,,-0.8269
1763169997.1148863,213,3,79,toothbrush,5.1320,,18.0852
1763169997.1955495,214,1,0,person,0.4834,0.5036,0.8269
1763169997.1965637,214,3,79,toothbrush,5.1320,,18.0852
1763169997.288252,215,1,0,person,0.4360,-0.5105,-2.5826
1763169997.288252,215,3,79,toothbrush,5.1320,,18.0852
1763169997.364686,216,1,0,person,0.4330,-0.0396,-3.3043
1763169997.364686,216,3,79,toothbrush,5.1320,,18.0852
1763169997.4427845,217,1,0,person,0.4407,0.0980,-3.5103
1763169997.4427845,217,3,79,toothbrush,5.1320,,18.0852
1763169997.5442657,218,1,0,person,0.4430,0.0231,-3.8706
1763169997.5442657,218,3,79,toothbrush,5.1320,,18.0852
1763169997.6328402,219,1,0,person,0.4430,,-3.8706
1763169997.6338565,219,3,79,toothbrush,5.1320,,18.0852
1763169997.7216065,220,1,0,person,0.4494,0.0719,-3.9735
1763169997.7216065,220,3,79,toothbrush,5.1320,,18.0852
1763169997.7993643,221,1,0,person,0.5630,1.4612,2.2214
1763169997.800364,221,3,79,toothbrush,5.1320,,18.0852
1763169997.8804955,222,1,0,person,0.4391,-1.5272,-3.2013
1763169997.8814938,222,3,79,toothbrush,5.1320,,18.0852
1763169997.957473,223,1,0,person,0.4510,0.1547,-2.7373
1763169997.957473,223,3,79,toothbrush,5.1320,,18.0852
1763169998.039635,224,1,0,person,0.4494,-0.0198,-2.3246
1763169998.039635,224,3,79,toothbrush,5.1320,,18.0852
1763169998.1169267,225,1,0,person,0.4494,,-2.3246
1763169998.1174343,225,3,79,toothbrush,5.1320,,18.0852
1763169998.195475,226,1,0,person,0.4585,0.1157,-1.5502
1763169998.1960096,226,3,79,toothbrush,5.1320,,18.0852
1763169998.276283,227,1,0,person,0.5175,0.7298,-1.3436
1763169998.276283,227,3,79,toothbrush,5.1320,,18.0852
1763169998.366785,228,1,0,person,0.4796,-0.4178,-0.3101
1763169998.366785,228,3,79,toothbrush,5.1320,,18.0852
1763169998.4479363,229,1,0,person,0.5284,0.6011,-0.6202
1763169998.4479363,229,3,79,toothbrush,5.1320,,18.0852
1763169998.5459595,230,1,0,person,0.5240,-0.0453,-1.5502
1763169998.6385968,231,1,0,person,0.5240,,-1.5502
1763169998.7317407,232,1,0,person,0.5800,0.6018,-0.6202
1763169998.8095765,233,1,0,person,0.5482,-0.4095,0.4652
1763169998.8888366,234,1,0,person,0.5470,-0.0152,0.9303
1763169998.9666681,235,1,0,person,0.4679,-1.0152,-0.4652
1763169999.046604,236,1,0,person,0.4679,,-0.4652
1763169999.1242397,237,1,0,person,0.4824,0.1865,1.0853
1763169999.2030327,238,1,0,person,0.4627,-0.2499,3.0467
1763169999.2030327,238,4,0,person,0.4627,,-2.3246
1763169999.2821243,239,1,0,person,0.4602,-0.0324,0.9303
1763169999.2821243,239,4,0,person,0.4585,-0.0538,-2.4794
1763169999.3576198,240,1,0,person,0.4422,-0.2378,1.3436
1763169999.3576198,240,4,0,person,0.4560,-0.0333,-2.7373
1763169999.4347699,241,1,0,person,0.4422,,1.3436
1763169999.4347699,241,4,0,person,0.4560,,-2.7373
1763169999.5167816,242,1,0,person,0.4422,,1.3436
1763169999.5177977,242,4,0,person,0.4560,,-2.7373
1763169999.6077669,243,1,0,person,0.4422,,1.3436
1763169999.608789,243,4,0,person,0.4470,-0.0988,-3.4073
1763169999.6868055,244,1,0,person,0.4422,,1.3436
1763169999.6868055,244,4,0,person,0.4510,0.0518,-3.6648
1763169999.7648904,245,1,0,person,0.4422,,1.3436
1763169999.7659047,245,4,0,person,0.4535,0.0311,-3.8192
1763169999.8558187,246,1,0,person,0.4422,,1.3436
1763169999.8573334,246,4,0,person,0.4551,0.0181,-3.4073
1763169999.938821,247,1,0,person,0.4422,,1.3436
1763169999.938821,247,4,0,person,0.4551,,-3.4073
1763170000.0168192,248,1,0,person,0.4422,,1.3436
1763170000.0178394,248,4,0,person,0.4760,0.2638,-2.2730
1763170000.1097705,249,1,0,person,0.4422,,1.3436
1763170000.1107712,249,4,0,person,0.4715,-0.0484,-1.4986
1763170000.2027829,250,1,0,person,0.4422,,1.3436
1763170000.2027829,250,4,0,person,0.4610,-0.1137,-0.6719
1763170000.2957811,251,1,0,person,0.4422,,1.3436
1763170000.2957811,251,4,0,person,0.4610,,-3.3558
1763170000.3870516,252,1,0,person,0.4422,,1.3436
1763170000.3880587,252,4,0,person,0.5069,0.4976,0.5169
1763170000.464122,253,1,0,person,0.4422,,1.3436
1763170000.464122,253,4,0,person,0.5069,,0.5169
1763170000.5445895,254,1,0,person,0.4422,,1.3436
1763170000.5445895,254,4,0,person,0.5251,0.2255,0.4652
1763170000.6197422,255,1,0,person,0.4422,,1.3436
1763170000.620755,255,4,0,person,0.5341,0.1181,0.0517
1763170000.6995707,256,1,0,person,0.4422,,1.3436
1763170000.7001042,256,4,0,person,0.5121,-0.2764,-0.1551
1763170000.7803636,257,1,0,person,0.4422,,1.3436
1763170000.7803636,257,4,0,person,0.5111,-0.0131,0.3101
1763170000.864334,258,1,0,person,0.4422,,1.3436
1763170000.865349,258,4,0,person,0.5069,-0.0489,0.2067
1763170000.95487,259,1,0,person,0.4422,,1.3436
1763170000.955855,259,4,0,person,0.5069,,0.2067
1763170001.0455756,260,1,0,person,0.4422,,1.3436
1763170001.0465953,260,4,0,person,0.5229,0.1757,0.7753
1763170001.1437001,261,1,0,person,0.4422,,1.3436
1763170001.1437001,261,4,0,person,0.5273,0.0455,0.8786
1763170001.229672,262,1,0,person,0.4422,,1.3436
1763170001.2306848,262,4,0,person,0.5482,0.2398,1.7052
1763170001.3067307,263,1,0,person,0.4422,,1.3436
1763170001.3067307,263,4,0,person,0.5175,-0.4038,0.1034
1763170001.3881671,264,1,0,person,0.4422,,1.3436
1763170001.3891842,264,4,0,person,0.5207,0.0393,-0.2584
1763170001.465335,265,1,0,person,0.4422,,1.3436
1763170001.4663613,265,4,0,person,0.5207,,-0.2584
1763170001.5456116,266,1,0,person,0.4422,,1.3436
1763170001.5456116,266,4,0,person,0.5185,-0.0273,-0.4652
1763170001.6190877,267,1,0,person,0.4422,,1.3436
1763170001.6190877,267,4,0,person,0.5307,0.1652,0.1034
1763170001.7022882,268,1,0,person,0.4422,,1.3436
1763170001.7022882,268,4,0,person,0.5229,-0.0936,-0.4652
1763170001.7793436,269,1,0,person,0.4422,,1.3436
1763170001.780359,269,4,0,person,0.5196,-0.0419,0.1034
1763170001.8886378,270,1,0,person,0.4422,,1.3436
1763170001.8886378,270,4,0,person,0.5143,-0.0495,-0.2584
1763170001.9678018,271,1,0,person,0.4422,,1.3436
1763170001.9688122,271,4,0,person,0.5143,,-0.2584
1763170002.048962,272,1,0,person,0.4422,,1.3436
1763170002.048962,272,4,0,person,0.5218,0.0940,0.1034
1763170002.1390398,273,4,0,person,0.5101,-0.1303,-0.5685
1763170002.2185137,274,4,0,person,0.4862,-0.3003,-1.8084
1763170002.2967103,275,4,0,person,0.5273,0.5258,-0.4652
1763170002.3771594,276,4,0,person,0.5175,-0.1224,-0.9303
1763170002.4550269,277,4,0,person,0.5175,,-0.9303
1763170002.5340185,278,4,0,person,0.5207,0.0410,-0.6719
1763170002.612555,279,4,0,person,0.4834,-0.4754,1.0336
1763170002.6913047,280,4,0,person,0.4075,-0.9628,-0.1034
1763170002.7711492,281,4,0,person,0.4075,,-0.1034
1763170002.8593557,282,4,0,person,0.4535,0.5208,1.6535
1763170002.936949,283,4,0,person,0.4470,-0.0838,-2.4794
1763170003.0227711,284,4,0,person,0.5240,0.8972,1.0336
1763170003.0993886,285,4,0,person,0.5240,,1.0336
1763170003.1840045,286,4,0,person,0.4834,-0.4800,-0.9303
1763170003.2763364,287,4,0,person,0.6363,1.6560,5.0522
1763170003.3677928,288,4,0,person,0.5069,-1.4140,-0.1034
1763170003.4465072,289,4,0,person,0.6189,1.4223,4.3848
1763170003.5239077,290,4,0,person,0.4376,-2.3427,-3.6133
1763170003.6000237,291,4,0,person,0.4399,0.0304,-3.7677
1763170003.6820765,292,4,0,person,0.4376,-0.0282,-3.6133
1763170003.7808511,293,4,0,person,0.4376,,-3.6133
1763170003.8649096,294,4,0,person,0.4368,-0.0091,-3.5618
1763170003.9465883,295,4,0,person,0.4345,-0.0280,-3.4073
1763170004.0416152,296,4,0,person,0.4353,0.0080,-3.4588
1763170004.117225,297,4,0,person,0.4360,0.0101,-3.5103
1763170004.2006023,298,4,0,person,0.4368,0.0092,-3.5618
1763170004.289803,299,4,0,person,0.4368,,-3.5618
1763170004.3691397,300,4,0,person,0.4360,-0.0096,-3.5103
1763170004.4500756,301,4,0,person,0.4360,,-3.5103
1763170004.5252457,302,4,0,person,0.4383,0.0306,-3.6648
1763170004.601585,303,4,0,person,0.4383,,-3.6648
1763170004.6922212,304,4,0,person,0.4414,0.0342,-3.7677
1763170004.780729,305,4,0,person,0.4414,,-3.7677
1763170004.8694153,306,4,0,person,0.4430,0.0177,-3.9735
1763170004.951516,307,4,0,person,0.4353,-0.0942,-3.4588
1763170005.0273976,308,4,0,person,0.4454,0.1332,-4.1278
1763170005.1071458,309,4,0,person,0.4470,0.0200,-4.2306
1763170005.2016528,310,4,0,person,0.4438,-0.0337,-3.8192
1763170005.2870388,311,4,0,person,0.4438,,-3.8192
1763170005.3801715,312,4,0,person,0.4454,0.0170,-3.9221
1763170005.476264,313,4,0,person,0.4462,0.0083,-3.6648
1763170005.5675504,314,4,0,person,0.4486,0.0264,-3.4073
1763170005.6593707,315,4,0,person,0.4422,-0.0693,-3.5103
1763170005.7581794,316,4,0,person,0.4407,-0.0158,-3.8192
1763170005.8327746,317,4,0,person,0.4391,-0.0208,-3.7162
1763170005.9078414,318,4,0,person,0.4407,0.0207,-3.7162
1763170006.0015538,319,4,0,person,0.4446,0.0419,-3.4588
1763170006.0795624,320,4,0,person,0.4446,,-3.4588
1763170006.1636956,321,4,0,person,0.4407,-0.0467,-3.6133
1763170006.2545204,322,4,0,person,0.4407,,-3.6133
1763170006.3316753,323,4,0,person,0.4407,,-2.4794
1763170006.4143364,324,4,0,person,0.4407,,-2.4794
1763170006.5040658,325,4,0,person,0.4353,-0.0600,-3.4588
1763170006.581083,326,4,0,person,0.4391,0.0498,-3.2013
1763170006.6628442,327,4,0,person,0.4486,0.1159,-3.2013
1763170006.751923,328,4,0,person,0.4560,0.0829,-2.7373
1763170006.8351738,329,4,0,person,0.4518,-0.0496,-2.7889
1763170006.9366841,330,4,0,person,0.4407,-0.1101,-2.6858
1763170007.0348613,331,4,0,person,0.4407,,-2.6858
1763170007.1258318,332,4,0,person,0.4796,0.4285,-1.2403
1763170007.2142632,333,4,0,person,0.4796,,-1.4469
1763170007.3066726,334,4,0,person,0.4551,-0.2652,-2.1698
1763170007.4069085,335,4,0,person,0.4824,0.2723,-1.2920
1763170007.494571,336,4,0,person,0.4881,0.0646,-1.0853
1763170007.5815182,337,4,0,person,0.4862,-0.0219,-0.9820
1763170007.6655092,338,4,0,person,0.4815,-0.0559,-1.2403
1763170007.7549064,339,4,0,person,0.4778,-0.0413,-1.4469
1763170007.8357596,340,4,0,person,0.4852,0.0920,-1.1370
1763170008.0915637,341,4,0,person,0.4834,-0.0074,-1.1370
1763170008.3002098,342,4,0,person,0.4824,-0.0045,-1.1886
1763170008.5000932,343,4,0,person,0.4834,0.0047,-1.2403
1763170008.6968422,344,4,0,person,0.4627,-0.1048,-1.8084
